Title,Original Language
Bamboo People #697,km
태백산맥 #588,ko
ลูกอีสาน #184,th
金瓶梅 #1210,zh
羊をめぐる冒険 #265,ja
風の歌を聴け #124,ja
痴人の愛 #1175,ja
走れメロス #1058,ja
คำพิพากษา #1083,th
First They Killed My Father - Part 1,km
Survival in the Killing Fields #992,km
Laskar Pelangi #434,id
소년이 온다 #762,ko
รักไม่มีสิทธิ์ #1139,th
围城 #423,zh
ขุนช้างขุนแผน #326,th
Dekada '70 #1226,fil
Dead Stars #317,fil
พระอภัยมณี #807,th
Survival in the Killing Fields #352,km
สุภาพบุรุษจุฑาเทพ #997,th
Sejarah Melayu #102,ms
水浒传 #1248,zh
風の歌を聴け #144,ja
ขุนช้างขุนแผน #1006,th
雷雨 #620,zh
Menara - Part 9,ms
광장 #833,ko
破戒 #211,ja
家 #1117,zh
Mga Kuwento ni Lola Basyang #231,fil
Hikayat Hang Tuah #821,ms
伊豆の踊子 #910,ja
First They Killed My Father #1101,km
아리랑 #967,ko
작별인사 #883,ko
The Gate,km
红楼梦 #266,zh
In the Shadow of the Banyan: Volume 4,km
Cantik Itu Luka #851,id
Cantik Itu Luka #371,id
Sejarah Melayu #582,ms
Ronggeng Dukuh Paruk #730,id
Mga Kuwento ni Lola Basyang #791,fil
Children of Cambodia's Killing Fields #1049,km
呐喊 #592,zh
Mga Kuwento ni Lola Basyang #351,fil
완득이 #839,ko
Panglima Awang #190,ms
Supernova #1118,id
斜陽 #317,ja
Banaag at Sikat #884,fil
서울 1964년 겨울 #975,ko
Kekasih Electra #553,ms
El Filibusterismo #1142,fil
Bidasari #331,ms
Lelaki Harimau #932,id
ศรีบูรพา #1029,th
작별인사 #663,ko
Cinta di Dalam Gelas #1137,id
The Gate #1066,km
Leftenan Adnan: Volume 1,ms
ข้าหลวง #294,th
สี่แผ่นดิน #285,th
Little Princes - Part 8,km
พระอภัยมณี #1167,th
ノルウェイの森 #1121,ja
雷雨 #340,zh
伊豆の踊子 #130,ja
水浒传 #968,zh
ด้วยรักและผูกพัน - Part 2,th
Smaller and Smaller Circles #329,fil
Ranjau Sepanjang Jalan #788,ms
Penawar Bagi Hati #178,ms
7년의 밤: Volume 3,ko
平凡的世界 #1224,zh
มัจจุราชเริงรำ #1158,th
Siti Nurbaya #686,id
彷徨 #393,zh
Merpati Putih Terbang Lagi #1232,ms
Atheis #508,id
痴人の愛 #375,ja
金閣寺 #632,ja
ด้วยรักและผูกพัน #542,th
พระอภัยมณี #847,th
จดหมายจากหมาเบื่อ #321,th
Dekada '70 #146,fil
Bidasari #971,ms
Hikayat Hang Tuah #921,ms
ข้าหลวง #914,th
Sejarah Melayu (2001),ms
아리랑 #727,ko
First They Killed My Father #821,km
คำพิพากษา #603,th
"Stay Alive, My Son #445",km
Laskar Pelangi #714,id
三体 #561,zh
平凡的世界,zh
吾輩は猫である #308,ja
Penawar Bagi Hati #838,ms
สี่แผ่นดิน #165,th
Noli Me Tangere #721,fil
阿Q正传 #515,zh
ABNKKBSNPLAko?! #412,fil
한강 #444,ko
To Destroy You Is No Loss #548,km
Gadis Jolobu #240,ms
Lucky Child #571,km
พระอภัยมณี #247,th
Mga Kuwento ni Lola Basyang #1131,fil
Hang Jebat Menderhaka #1217,ms
Cantik Itu Luka #871,id
ลูกอีสาน #304,th
7년의 밤 #958,ko
태백산맥 #828,ko
Lagenda Budak Setan #1095,ms
水浒传 #268,zh
海辺のカフカ #843,ja
"Stay Alive, My Son #305",km
Belenggu #569,id
Supernova #578,id
เสือคำราม #776,th
Perburuan #125,id
สี่แผ่นดิน #565,th
Siti Nurbaya #565,ms
สี่แผ่นดิน #1225,th
흰 #485,ko
Interlok (2006),ms
山月記 #859,ja
雪国 #809,ja
ノルウェイの森 #361,ja
아리랑 #487,ko
กุหลาบป่า #690,th
ศรีบูรพา #1089,th
1Q84 #262,ja
三体 #441,zh
Perburuan #965,id
엄마를 부탁해 #296,ko
무정 #709,ko
ข้าหลวง #1214,th
Interlok #847,ms
Ranjau Sepanjang Jalan #1228,ms
Ilustrado #668,fil
海辺のカフカ #403,ja
난장이가 쏘아올린 작은 공 #1032,ko
海辺のカフカ #863,ja
Laskar Pelangi #594,id
เลือดมังกร #1152,th
金閣寺 #152,ja
Gadis Jolobu #1240,ms
金閣寺 #1052,ja
ABNKKBSNPLAko?! #772,fil
Tenggelamnya Kapal Van Der Wijck #84,ms
คำพิพากษา #1123,th
มัจจุราชเริงรำ #678,th
무정 #969,ko
광장 #633,ko
กุหลาบป่า #970,th
Layar Terkembang #1227,id
서울 1964년 겨울 #775,ko
7년의 밤 #138,ko
Belenggu (2008),id
破戒 #411,ja
走れメロス #638,ja
斜陽 #1137,ja
Cantik Itu Luka #431,id
呐喊 #952,zh
เสือคำราม #956,th
The Death of Vishnu #256,km
Laskar Pelangi #1234,id
1Q84 #1042,ja
Mga Ibong Mandaragit #667,fil
엄마를 부탁해 #1036,ko
Cambodia's Curse #333,km
Gadis Jolobu #200,ms
완득이 #859,ko
雷雨 #120,zh
Golden Bones #539,km
엄마를 부탁해 #1216,ko
Smaller and Smaller Circles #729,fil
Dead Stars #357,fil
狂人日记 #1054,zh
秋 #1139,zh
The Gate #806,km
坊っちゃん #227,ja
Merpati Putih Terbang Lagi #1092,ms
Sulalat al-Salatin #403,ms
A Cambodian Prison Portrait #535,km
한강 #544,ko
阿Q正传 #495,zh
Survival in the Killing Fields #312,km
아리랑 #707,ko
Tenggelamnya Kapal Van Der Wijck #1244,ms
Siti Nurbaya #1066,id
1Q84 #442,ja
Mga Kuwento ni Lola Basyang #1231,fil
ชาติหน้าขอให้พบกัน #951,th
三体 #1061,zh
Mga Kuwento ni Lola Basyang #191,fil
สุภาพบุรุษจุฑาเทพ #197,th
Hang Jebat Menderhaka #817,ms
白鹿原 #765,zh
ฟ้าใหม่ #220,th
細雪 #494,ja
Ranjau Sepanjang Jalan #668,ms
토지 #826,ko
우리들의 행복한 시간 #1060,ko
Negeri 5 Menara #299,id
春 #518,zh
呐喊 #572,zh
Leftenan Adnan #816,ms
7년의 밤 #318,ko
엄마를 부탁해 #596,ko
พระอภัยมณี: Volume 2,th
First They Killed My Father #501,km
ศรีบูรพา #209,th
รักไม่มีสิทธิ์ #1039,th
Ilustrado #388,fil
The Stones Cry Out #810,km
Lagenda Budak Setan #195,ms
Mat Jenin #354,ms
Ayah #236,id
Penawar Bagi Hati #158,ms
Atheis - Part 8,id
仮面の告白 #953,ja
Hujan #340,id
舞姫 #720,ja
こころ #1166,ja
토지 #326,ko
Dekada '70 - Part 6,fil
Footnote to Youth #398,fil
Atheis #688,id
伊豆の踊子 #610,ja
Ronggeng Dukuh Paruk #790,id
活着 #1062,zh
雷雨 #920,zh
Cantik Itu Luka #891,id
서울 1964년 겨울 #835,ko
Ilustrado #268,fil
엄마를 부탁해 #576,ko
รักไม่มีสิทธิ์ #639,th
Ranjau Sepanjang Jalan #108,ms
เสือคำราม #1216,th
雷雨 #860,zh
작별인사 #203,ko
仮面の告白 #413,ja
Interlok #747,ms
Never Fall Down,km
When Broken Glass Floats #867,km
상록수 #830,ko
Gadis Jolobu #800,ms
ノルウェイの森 #401,ja
The Death of Vishnu #1096,km
토지 #626,ko
Cambodia's Curse #793,km
Panglima Awang #610,ms
痴人の愛 #855,ja
Merpati Putih Terbang Lagi #552,ms
Merpati Putih Terbang Lagi #112,ms
คำพิพากษา #143,th
雪国 #869,ja
Ang Paboritong Libro ni Hudas #690,fil
"Stay Alive, My Son #945",km
Noli Me Tangere #481,fil
ข้าหลวง #174,th
아리랑 #1247,ko
จดหมายจากหมาเบื่อ #801,th
金閣寺 #552,ja
Interlok #1007,ms
三国演义 #949,zh
Banaag at Sikat #964,fil
春 #1018,zh
红楼梦 #906,zh
How My Brother Leon Brought Home a Wife #1199,fil
風の歌を聴け #244,ja
태백산맥 #508,ko
Gadis Jolobu #120,ms
三体 #1041,zh
ข้าหลวง #154,th
走れメロス #578,ja
人間失格 #96,ja
Merpati Putih Terbang Lagi #1112,ms
海辺のカフカ #623,ja
走れメロス #278,ja
태백산맥 #168,ko
Dekada '70 #966,fil
The Death of Vishnu #696,km
Bidasari #1151,ms
家 #817,zh
Smaller and Smaller Circles #449,fil
ฟ้าใหม่ #800,th
Anak Mat Lela Gila #1029,ms
완득이 #399,ko
白鹿原 #725,zh
Banaag at Sikat: Volume 4,fil
토지 #266,ko
Children of Cambodia's Killing Fields #1249,km
三国演义 #369,zh
Atheis #668,id
Panglima Awang #750,ms
흰 #525,ko
Salina #706,ms
水浒传 #1208,zh
Rumah Kaca #544,id
細雪 #334,ja
엄마를 부탁해 #1176,ko
May Day Eve #780,fil
รักไม่มีสิทธิ์ #859,th
How My Brother Leon Brought Home a Wife #899,fil
Menara #259,ms
ลูกอีสาน #464,th
Penawar Bagi Hati #778,ms
ขุนช้างขุนแผน #646,th
ตำนานสมเด็จพระนารายณ์ #1115,th
痴人の愛 #275,ja
Pulang #193,id
ศรีบูรพา #349,th
Dekada '70 #1166,fil
Tenggelamnya Kapal Van Der Wijck #504,ms
สุภาพบุรุษจุฑาเทพ #297,th
三体 #261,zh
The Stones Cry Out #410,km
呐喊 #912,zh
Perburuan #1025,id
こころ #766,ja
子夜 #96,zh
7년의 밤 #638,ko
ชาติหน้าขอให้พบกัน #111,th
Voices from S-21 #1134,km
May Day Eve #1060,fil
Sulalat al-Salatin #1223,ms
Little Princes #158,km
風の歌を聴け #1004,ja
Interlok #207,ms
Pulang #293,id
Hikayat Hang Tuah #481,ms
細雪 #534,ja
ABNKKBSNPLAko?! #1152,fil
엄마를 부탁해 #1056,ko
こころ #126,ja
Golden Bones #979,km
红楼梦 - Part 6,zh
ข้าหลวง #554,th
พระอภัยมณี #1187,th
Smaller and Smaller Circles #689,fil
Salina #346,ms
Lagenda Budak Setan #1135,ms
พระอภัยมณี #1047,th
山月記 #439,ja
Ilustrado #188,fil
무진기행 #314,ko
"Stay Alive, My Son #185",km
こころ #606,ja
เสือคำราม #396,th
Siti Nurbaya #646,id
平凡的世界 #704,zh
무정 #89,ko
รักไม่มีสิทธิ์ #439,th
ฟ้าใหม่ #900,th
คำพิพากษา #1023,th
"Stay Alive, My Son - Part 5",km
상록수 #270,ko
How My Brother Leon Brought Home a Wife #1179,fil
痴人の愛 #1075,ja
彷徨 #1113,zh
Sulalat al-Salatin #863,ms
Never Fall Down #723,km
Never Fall Down #1243,km
围城 #1023,zh
雷雨 #740,zh
Menara #879,ms
金瓶梅 (2009),zh
서울 1964년 겨울 #375,ko
金閣寺 #232,ja
In the Shadow of the Banyan #884,km
กุหลาบป่า #290,th
Sulalat al-Salatin #803,ms
Hikayat Hang Tuah #581,ms
吾輩は猫である #828,ja
狂人日记 #534,zh
A Cambodian Prison Portrait #215,km
痴人の愛 #675,ja
Luha ng Buwaya #845,fil
The Stones Cry Out #290,km
Hang Jebat Menderhaka #197,ms
Never Fall Down #503,km
坊っちゃん #447,ja
金瓶梅 #650,zh
ฟ้าใหม่ #1040,th
First They Killed My Father: Volume 1,km
상록수 #430,ko
Smaller and Smaller Circles,fil
Mga Ibong Mandaragit #987,fil
Menara #899,ms
三体 #1241,zh
상록수 #110,ko
Gadis Jolobu #520,ms
Penawar Bagi Hati #438,ms
Belenggu,id
Salina #1206,ms
ลูกอีสาน #944,th
우리들의 행복한 시간 #200,ko
First They Killed My Father #721,km
水浒传 #308,zh
Negeri 5 Menara: Volume 4,id
平凡的世界 #444,zh
Banaag at Sikat #864,fil
Footnote to Youth #638,fil
무진기행 #514,ko
Anak Semua Bangsa #1242,id
한강 #884,ko
Ronggeng Dukuh Paruk #290,id
ชาติหน้าขอให้พบกัน #171,th
春 #898,zh
Jejak Langkah #203,id
Penawar Bagi Hati #818,ms
Voices from S-21 #694,km
상록수 #490,ko
Merpati Putih Terbang Lagi #912,ms
삼대 #871,ko
平凡的世界 #1244,zh
伊豆の踊子 #1150,ja
Banaag at Sikat #264,fil
Mga Kuwento ni Lola Basyang #171,fil
ตำนานสมเด็จพระนารายณ์ #1135,th
Mga Kuwento ni Lola Basyang #751,fil
春 #1238,zh
Atheis #1148,id
"Stay Alive, My Son #505",km
Luha ng Buwaya #1145,fil
ชาติหน้าขอให้พบกัน #191,th
Dekada '70 #766,fil
雷雨 #1120,zh
ABNKKBSNPLAko?! #652,fil
活着 #902,zh
อิเหนา #208,th
อิเหนา,th
The Death of Vishnu #436,km
살인자의 기억법 #617,ko
Sang Pemimpi,id
阿Q正传 #195,zh
The Death of Vishnu #196,km
7년의 밤 #738,ko
Penawar Bagi Hati #278,ms
Luha ng Buwaya: Volume 5,fil
Voices from S-21 #454,km
围城 #463,zh
Cinta di Dalam Gelas,id
소년이 온다 #922,ko
子夜 - Part 6,zh
태백산맥,ko
Mga Ibong Mandaragit,fil
斜陽 #157,ja
채식주의자: Volume 1,ko
"Stay Alive, My Son #825",km
風の歌を聴け #1184,ja
Supernova - Part 8,id
흰 #865,ko
Panglima Awang #470,ms
Cantik Itu Luka #671,id
ฟ้าใหม่ #400,th
소년이 온다 #182,ko
金閣寺 #652,ja
태백산맥 #348,ko
Layar Terkembang #767,id
무진기행 #474,ko
ศรีบูรพา #769,th
細雪 #1194,ja
Noli Me Tangere #401,fil
山月記 #239,ja
Perburuan,id
ตำนานสมเด็จพระนารายณ์ #375,th
Ilustrado #828,fil
ลูกอีสาน #1024,th
斜陽: Volume 2,ja
Interlok #1107,ms
ตำนานสมเด็จพระนารายณ์ #775,th
Padre Faura Witness the Execution of Rizal #636,fil
Florante at Laura #703,fil
围城 #563,zh
雪国 #989,ja
อิเหนา #228,th
Mat Jenin #714,ms
Never Fall Down #143,km
무정 #1249,ko
ข้าหลวง #854,th
山月記 #719,ja
人間失格 #816,ja
Negeri 5 Menara #439,id
ชาติหน้าขอให้พบกัน #351,th
Bidasari #851,ms
Sang Pemimpi #295,id
西游记 #307,zh
Mat Jenin #194,ms
Negeri 5 Menara #199,id
Lelaki Harimau #1092,id
คำพิพากษา (2002),th
Padre Faura Witness the Execution of Rizal #676,fil
The Gate #1086,km
เสือคำราม #576,th
痴人の愛 #1055,ja
ศรีบูรพา #89,th
Negeri 5 Menara #219,id
Ang Paboritong Libro ni Hudas #890,fil
Padre Faura Witness the Execution of Rizal #1136,fil
Bidasari #311,ms
Sejarah Melayu #1142,ms
"Stay Alive, My Son #465",km
Mga Kuwento ni Lola Basyang #251,fil
Cinta di Dalam Gelas (2016),id
Survival in the Killing Fields #212,km
태백산맥 #1108,ko
彷徨 #873,zh
彷徨 #993,zh
Cambodia's Curse #393,km
우리들의 행복한 시간 #1220,ko
เสือคำราม #656,th
ノルウェイの森 #1061,ja
광장 #873,ko
ABNKKBSNPLAko?! (2011),fil
한강 #404,ko
破戒 #1131,ja
Belenggu #449,id
ノルウェイの森 #961,ja
Little Princes #858,km
1Q84 #362,ja
Kekasih Electra #633,ms
三体 #361,zh
무진기행 #894,ko
The Death of Vishnu #756,km
Laskar Pelangi #174,id
สุภาพบุรุษจุฑาเทพ #877,th
ศรีบูรพา #869,th
狂人日记 - Part 4,zh
ชาติหน้าขอให้พบกัน #371,th
Sang Pemimpi #615,id
Dead Stars #157,fil
삼대 #1191,ko
狂人日记 #594,zh
우리들의 행복한 시간 #280,ko
Atheis (2007),id
Ilustrado #848,fil
围城 #1243,zh
คนละฟากฟ้า #933,th
한강 #1244,ko
เลือดมังกร #912,th
난장이가 쏘아올린 작은 공 #272,ko
Dead Stars #1157,fil
Siti Nurbaya #305,ms
彷徨 #353,zh
May Day Eve #140,fil
ข้าหลวง #1014,th
How My Brother Leon Brought Home a Wife #839,fil
海辺のカフカ #1123,ja
Mga Ibong Mandaragit #247,fil
เลือดมังกร #852,th
The Lost Executioner #942,km
The Rosales Saga #595,fil
Cantik Itu Luka #791,id
Siti Nurbaya #345,ms
Banaag at Sikat #184,fil
水浒传 #948,zh
Menara #919,ms
Ang Paboritong Libro ni Hudas #110,fil
狂人日记 #1114,zh
กุหลาบป่า #710,th
ノルウェイの森 #921,ja
Luha ng Buwaya #505,fil
ศรีบูรพา #1129,th
When Broken Glass Floats #647,km
呐喊 #752,zh
子夜 #336,zh
雷雨 #1000,zh
風の歌を聴け #484,ja
Belenggu #329,id
Voices from S-21 #874,km
Dead Stars #1057,fil
Merpati Putih Terbang Lagi #392,ms
Negeri 5 Menara #1199,id
The Rosales Saga #615,fil
Banaag at Sikat #1004,fil
仮面の告白 #813,ja
ชาติหน้าขอให้พบกัน #871,th
Mat Jenin #314,ms
คำพิพากษา #623,th
สุภาพบุรุษจุฑาเทพ #697,th
舞姫 #1100,ja
ขุนช้างขุนแผน #706,th
Rice and Baguette #760,km
Rumah Kaca #144,id
朝花夕拾 #451,zh
Ang Paboritong Libro ni Hudas #290,fil
อิเหนา #928,th
ข้าหลวง #474,th
Gapo #154,fil
ตำนานสมเด็จพระนารายณ์ #795,th
เสือคำราม #636,th
ข้าหลวง #194,th
人間失格 #976,ja
Footnote to Youth #518,fil
三国演义 #789,zh
When Broken Glass Floats #467,km
Anak Mat Lela Gila #489,ms
ABNKKBSNPLAko?! #792,fil
อิเหนา #148,th
斜陽 #1057,ja
水浒传 #548,zh
Perburuan #425,id
細雪 #1074,ja
Ilustrado #968,fil
한강 #464,ko
人間失格 #216,ja
山月記 #659,ja
Survival in the Killing Fields #912,km
Rumah Kaca #1104,id
Tenggelamnya Kapal Van Der Wijck #404,ms
The Gate #286,km
Bidasari #571,ms
红楼梦 #746,zh
한강 #924,ko
First They Killed My Father #281,km
斜陽 #657,ja
พระอภัยมณี,th
Padre Faura Witness the Execution of Rizal #256,fil
Salina #726,ms
雷雨 #460,zh
작별인사 #943,ko
1Q84 #802,ja
Merpati Putih Terbang Lagi #1072,ms
The Stones Cry Out #190,km
Ronggeng Dukuh Paruk #250,id
소년이 온다 #842,ko
Lucky Child #1051,km
Padre Faura Witness the Execution of Rizal #1196,fil
ศรีบูรพา #1049,th
彷徨 #1193,zh
子夜 #876,zh
토지 #1246,ko
Siti Nurbaya #866,id
Sejarah Melayu #282,ms
흰 #1045,ko
Padre Faura Witness the Execution of Rizal #396,fil
Sang Pemimpi #1175,id
羊をめぐる冒険 #645,ja
Anak Mat Lela Gila #1049,ms
Rumah Kaca #624,id
Ronggeng Dukuh Paruk #390,id
Hang Jebat Menderhaka #677,ms
雷雨 #840,zh
家 #237,zh
Sulalat al-Salatin #343,ms
มัจจุราชเริงรำ #898,th
春 #1218,zh
風の歌を聴け #264,ja
한강 #324,ko
The Stones Cry Out #630,km
"Stay Alive, My Son #245",km
舞姫 #1120,ja
ข้าหลวง #974,th
The Lost Executioner #742,km
雪国 #649,ja
伊豆の踊子 #1010,ja
삼대 #531,ko
상록수 #970,ko
คนละฟากฟ้า #853,th
痴人の愛 - Part 5,ja
A Cambodian Prison Portrait: Volume 5,km
May Day Eve #540,fil
จดหมายจากหมาเบื่อ #781,th
仮面の告白 #373,ja
Salina #406,ms
El Filibusterismo #482,fil
Cinta di Dalam Gelas #657,id
The Stones Cry Out #1090,km
坊っちゃん #1247,ja
아리랑 #807,ko
Lelaki Harimau #392,id
Negeri 5 Menara #379,id
Pulang #213,id
ABNKKBSNPLAko?! #472,fil
Penawar Bagi Hati #898,ms
Smaller and Smaller Circles #929,fil
ขุนช้างขุนแผน #1246,th
Cantik Itu Luka #271,id
Siti Nurbaya #806,id
엄마를 부탁해 #336,ko
雷雨 #260,zh
Jejak Langkah #1223,id
Menara #839,ms
活着 #222,zh
Ayah #796,id
흰 #805,ko
Sa Mga Kuko ng Liwanag #753,fil
雪国 #1149,ja
완득이 #239,ko
Mga Kuwento ni Lola Basyang #611,fil
Sa Mga Kuko ng Liwanag #1093,fil
The Lost Executioner #122,km
朝花夕拾 #1191,zh
Lucky Child #671,km
三体 #761,zh
金瓶梅 #1050,zh
Perburuan #1045,id
Banaag at Sikat #724,fil
呐喊 #612,zh
The Lost Executioner #782,km
Ranjau Sepanjang Jalan #988,ms
Atheis #428,id
Belenggu #229,id
子夜 #1176,zh
Anak Mat Lela Gila #709,ms
仮面の告白 #293,ja
Ayah #616,id
海辺のカフカ #503,ja
こころ #1046,ja
活着 #462,zh
ฟ้าใหม่ #500,th
난장이가 쏘아올린 작은 공 #1092,ko
The Death of Vishnu #296,km
Lelaki Harimau #1232,id
伊豆の踊子 #450,ja
1Q84 #902,ja
채식주의자 #501,ko
吾輩は猫である #788,ja
Pulang #893,id
When Broken Glass Floats #1227,km
ข้าหลวง #1114,th
Bamboo People #277,km
아리랑 #527,ko
How My Brother Leon Brought Home a Wife #1219,fil
Bamboo People #597,km
人間失格 #636,ja
Siti Nurbaya #865,ms
Sa Mga Kuko ng Liwanag #413,fil
Layar Terkembang #147,id
Children of Cambodia's Killing Fields #1149,km
Mga Ibong Mandaragit #1067,fil
活着 #762,zh
ด้วยรักและผูกพัน #462,th
El Filibusterismo #662,fil
Bamboo People #377,km
ลูกอีสาน #124,th
Ranjau Sepanjang Jalan (2007),ms
Noli Me Tangere #581,fil
Siti Nurbaya - Part 5,ms
광장 #1073,ko
When Broken Glass Floats #1147,km
무진기행 #1034,ko
Anak Mat Lela Gila #849,ms
红楼梦 #1246,zh
May Day Eve #1140,fil
三体 #741,zh
Never Fall Down #1123,km
海辺のカフカ #803,ja
Lelaki Harimau #652,id
舞姫 #600,ja
Padre Faura Witness the Execution of Rizal #536,fil
吾輩は猫である #1108,ja
อิเหนา #1088,th
白鹿原: Volume 5,zh
羊をめぐる冒険 #765,ja
สี่แผ่นดิน #1085,th
Voices from S-21 #594,km
กุหลาบป่า #630,th
走れメロス #658,ja
Lagenda Budak Setan - Part 5,ms
กุหลาบป่า #810,th
Dead Stars #657,fil
围城: Volume 3,zh
平凡的世界 #684,zh
走れメロス #678,ja
Cambodia's Curse #873,km
山月記 #639,ja
狂人日记 #134,zh
To Destroy You Is No Loss #88,km
소년이 온다 #202,ko
三国演义 #89,zh
Lagenda Budak Setan #695,ms
광장 #1093,ko
Little Princes #258,km
สี่แผ่นดิน #1065,th
活着 #302,zh
Luha ng Buwaya #145,fil
토지 #226,ko
Ranjau Sepanjang Jalan #268,ms
呐喊 #472,zh
상록수 #1110,ko
เสือคำราม #516,th
7년의 밤 #858,ko
เลือดมังกร #652,th
เสือคำราม #256,th
痴人の愛 #235,ja
Anak Mat Lela Gila #649,ms
Pulang #973,id
围城 #903,zh
จดหมายจากหมาเบื่อ #861,th
Never Fall Down #783,km
Bumi Manusia #1201,id
완득이 #599,ko
子夜 #696,zh
こころ: Volume 1,ja
Bidasari,ms
雪国 #549,ja
Layar Terkembang #267,id
First They Killed My Father #901,km
아리랑 #767,ko
Jejak Langkah #403,id
서울 1964년 겨울 #335,ko
How My Brother Leon Brought Home a Wife #939,fil
จดหมายจากหมาเบื่อ #1141,th
呐喊 #372,zh
朝花夕拾 #951,zh
Padre Faura Witness the Execution of Rizal #1096,fil
春 #618,zh
ฟ้าใหม่ #280,th
소년이 온다 - Part 2,ko
Luha ng Buwaya #945,fil
Sejarah Melayu #882,ms
Golden Bones #179,km
Smaller and Smaller Circles #109,fil
Negeri 5 Menara #919,id
海辺のカフカ #243,ja
Dead Stars #1097,fil
Sa Mga Kuko ng Liwanag #513,fil
Cambodia's Curse #133,km
白鹿原 #505,zh
ชาติหน้าขอให้พบกัน #1211,th
El Filibusterismo #682,fil
红楼梦 #1206,zh
Interlok #727,ms
围城 #1143,zh
เลือดมังกร #1112,th
Interlok #867,ms
Panglima Awang (2009),ms
Mat Jenin #274,ms
Smaller and Smaller Circles (2008),fil
Merpati Putih Terbang Lagi #1032,ms
雪国 #169,ja
Mga Kuwento ni Lola Basyang #111,fil
살인자의 기억법 #737,ko
สุภาพบุรุษจุฑาเทพ: Volume 2,th
The Gate #1006,km
Leftenan Adnan - Part 6,ms
こころ #246,ja
水浒传 #1088,zh
Sulalat al-Salatin #663,ms
三国演义 #909,zh
ด้วยรักและผูกพัน #342,th
ชาติหน้าขอให้พบกัน #251,th
Luha ng Buwaya #1245,fil
Mat Jenin #1214,ms
彷徨 #313,zh
Smaller and Smaller Circles #1129,fil
平凡的世界: Volume 4,zh
Negeri 5 Menara #419,id
토지 #1126,ko
First They Killed My Father #861,km
破戒 #851,ja
呐喊 - Part 2,zh
토지 #706,ko
Banaag at Sikat #84,fil
ข้าหลวง #1074,th
ฟ้าใหม่ #1160,th
Layar Terkembang #187,id
Gapo #1134,fil
To Destroy You Is No Loss #128,km
Voices from S-21 #174,km
มัจจุราชเริงรำ #218,th
ชาติหน้าขอให้พบกัน #151,th
우리들의 행복한 시간 #720,ko
Never Fall Down #843,km
Bidasari #631,ms
雷雨 - Part 10,zh
Banaag at Sikat #624,fil
Sejarah Melayu #1102,ms
Ilustrado #108,fil
Cinta di Dalam Gelas #577,id
Ayah #916,id
How My Brother Leon Brought Home a Wife #1139,fil
金瓶梅 #570,zh
Siti Nurbaya #485,ms
围城 #723,zh
水浒传 #168,zh
坊っちゃん #1167,ja
秋 #799,zh
To Destroy You Is No Loss #1128,km
"Stay Alive, My Son #285",km
Bamboo People #437,km
Belenggu #1029,id
Mat Jenin #954,ms
Menara #579,ms
Bumi Manusia #721,id
상록수 #1070,ko
Supernova #558,id
무정 #209,ko
Hujan #840,id
"Stay Alive, My Son #165",km
Leftenan Adnan #536,ms
Ranjau Sepanjang Jalan #548,ms
มัจจุราชเริงรำ #498,th
รักไม่มีสิทธิ์ #1099,th
In the Shadow of the Banyan #684,km
채식주의자 #1221,ko
彷徨 #953,zh
雪国 #1069,ja
走れメロス #458,ja
소년이 온다 #722,ko
Ranjau Sepanjang Jalan #888,ms
平凡的世界 #944,zh
家 #777,zh
How My Brother Leon Brought Home a Wife #1079,fil
อิเหนา #188,th
Ang Paboritong Libro ni Hudas #770,fil
토지 #386,ko
Sejarah Melayu #302,ms
서울 1964년 겨울 #855,ko
Bidasari #951,ms
Tenggelamnya Kapal Van Der Wijck #1224,ms
Lagenda Budak Setan,ms
เสือคำราม #1176,th
Penawar Bagi Hati #738,ms
Mat Jenin #854,ms
破戒 #1151,ja
Cinta di Dalam Gelas #457,id
Bidasari: Volume 1,ms
태백산맥 #1208,ko
무진기행 #214,ko
Survival in the Killing Fields #692,km
Anak Semua Bangsa #122,id
The Rosales Saga #915,fil
The Lost Executioner #302,km
우리들의 행복한 시간 #160,ko
Sulalat al-Salatin #183,ms
红楼梦 #1086,zh
ตำนานสมเด็จพระนารายณ์ #695,th
Hikayat Hang Tuah #861,ms
จดหมายจากหมาเบื่อ #981,th
三国演义 #269,zh
Panglima Awang #250,ms
Mat Jenin #114,ms
Interlok #87,ms
ABNKKBSNPLAko?! #912,fil
Sulalat al-Salatin #963,ms
金閣寺 #132,ja
Kekasih Electra #713,ms
Kekasih Electra #593,ms
ABNKKBSNPLAko?!,fil
阿Q正传 #595,zh
Siti Nurbaya #846,id
狂人日记 #894,zh
活着 (2001),zh
呐喊 #1032,zh
채식주의자 #861,ko
무정 #489,ko
Salina #246,ms
活着 #602,zh
Interlok #927,ms
白鹿原 #1205,zh
Cinta di Dalam Gelas #937,id
痴人の愛 #255,ja
Rumah Kaca #1064,id
Mga Kuwento ni Lola Basyang #831,fil
El Filibusterismo #642,fil
子夜 #196,zh
Little Princes #698,km
红楼梦 #106,zh
ノルウェイの森 #1161,ja
Padre Faura Witness the Execution of Rizal #356,fil
Pulang #453,id
走れメロス #198,ja
May Day Eve #100,fil
ขุนช้างขุนแผน #266,th
Ranjau Sepanjang Jalan #188,ms
Sulalat al-Salatin #683,ms
ลูกอีสาน #484,th
สุภาพบุรุษจุฑาเทพ #557,th
Ilustrado #768,fil
Golden Bones #199,km
Lagenda Budak Setan #1055,ms
Belenggu #1149,id
สี่แผ่นดิน #485,th
Ronggeng Dukuh Paruk,id
삼대 #971,ko
ABNKKBSNPLAko?! #252,fil
Gadis Jolobu #1060,ms
완득이 #179,ko
走れメロス #258,ja
Ang Paboritong Libro ni Hudas #1010,fil
First They Killed My Father #521,km
คนละฟากฟ้า #253,th
朝花夕拾 #351,zh
Dekada '70 #86,fil
Bidasari #111,ms
Siti Nurbaya #205,ms
Interlok #227,ms
우리들의 행복한 시간 #1000,ko
伊豆の踊子 #1250,ja
Ronggeng Dukuh Paruk #170,id
เลือดมังกร #112,th
Footnote to Youth #218,fil
Survival in the Killing Fields #732,km
Tenggelamnya Kapal Van Der Wijck: Volume 4,ms
痴人の愛 #435,ja
Children of Cambodia's Killing Fields #1129,km
Golden Bones #1099,km
仮面の告白 #1033,ja
朝花夕拾 #471,zh
아리랑 #507,ko
The Gate #846,km
Ilustrado #948,fil
살인자의 기억법,ko
เลือดมังกร #672,th
채식주의자 #181,ko
The Lost Executioner #362,km
こころ #1066,ja
Sulalat al-Salatin #103,ms
Ilustrado #308,fil
Pulang #1213,id
Ranjau Sepanjang Jalan - Part 8,ms
광장 #553,ko
彷徨 #213,zh
มัจจุราชเริงรำ #658,th
Cambodia's Curse #853,km
坊っちゃん - Part 7,ja
광장 #613,ko
Siti Nurbaya #966,id
Golden Bones #899,km
살인자의 기억법 #137,ko
Footnote to Youth #578,fil
Pulang #173,id
흰 #465,ko
엄마를 부탁해 #536,ko
Mat Jenin #474,ms
엄마를 부탁해 #136,ko
西游记 #387,zh
細雪 #874,ja
ฟ้าใหม่ #660,th
Siti Nurbaya #186,id
Ilustrado #208,fil
Voices from S-21 #974,km
Voices from S-21 #954,km
人間失格 #896,ja
Belenggu #89,id
Tenggelamnya Kapal Van Der Wijck - Part 4,ms
난장이가 쏘아올린 작은 공: Volume 2,ko
พระอภัยมณี #827,th
西游记 (2006),zh
こころ #486,ja
Hang Jebat Menderhaka #137,ms
羊をめぐる冒険 #585,ja
Negeri 5 Menara #1219,id
吾輩は猫である #708,ja
In the Shadow of the Banyan #744,km
吾輩は猫である #928,ja
Siti Nurbaya #546,id
ฟ้าใหม่ #100,th
Banaag at Sikat #604,fil
How My Brother Leon Brought Home a Wife #319,fil
The Lost Executioner #1042,km
채식주의자 #221,ko
สี่แผ่นดิน #1045,th
Sejarah Melayu - Part 2,ms
金閣寺 #272,ja
白鹿原 #565,zh
1Q84 #1082,ja
風の歌を聴け #204,ja
ABNKKBSNPLAko?! #212,fil
태백산맥 #248,ko
Hujan #900,id
Negeri 5 Menara #99,id
Padre Faura Witness the Execution of Rizal #236,fil
走れメロス (2017),ja
"Stay Alive, My Son #1065",km
Siti Nurbaya #146,id
The Stones Cry Out (2009),km
서울 1964년 겨울 #1175,ko
Tenggelamnya Kapal Van Der Wijck #284,ms
Pulang #1013,id
무진기행 #1074,ko
무정 #789,ko
红楼梦 #326,zh
To Destroy You Is No Loss #348,km
난장이가 쏘아올린 작은 공 - Part 2,ko
Sa Mga Kuko ng Liwanag #893,fil
To Destroy You Is No Loss #928,km
Cinta di Dalam Gelas #1077,id
ฟ้าใหม่ #1100,th
How My Brother Leon Brought Home a Wife #339,fil
Perburuan #345,id
Sulalat al-Salatin #943,ms
Cinta di Dalam Gelas #97,id
상록수 #650,ko
Siti Nurbaya #405,ms
狂人日记 (2013),zh
ノルウェイの森 #1201,ja
西游记 #927,zh
상록수 #350,ko
こころ #1246,ja
呐喊 #1112,zh
Belenggu: Volume 4,id
흰 #965,ko
มัจจุราชเริงรำ #338,th
완득이 #479,ko
Merpati Putih Terbang Lagi #1172,ms
Lelaki Harimau #452,id
秋 #319,zh
水浒传 #108,zh
채식주의자 #1141,ko
西游记 #1187,zh
Children of Cambodia's Killing Fields #429,km
서울 1964년 겨울 #255,ko
May Day Eve - Part 10,fil
Perburuan #905,id
Ilustrado #1168,fil
กุหลาบป่า #530,th
Siti Nurbaya #1186,id
ชาติหน้าขอให้พบกัน #271,th
Survival in the Killing Fields #252,km
Layar Terkembang #1047,id
Gadis Jolobu #1180,ms
ノルウェイの森 #241,ja
จดหมายจากหมาเบื่อ #481,th
Cambodia's Curse #253,km
우리들의 행복한 시간 #300,ko
Noli Me Tangere #361,fil
围城 #703,zh
Lucky Child #751,km
Ang Paboritong Libro ni Hudas #210,fil
El Filibusterismo (2001),fil
우리들의 행복한 시간 #740,ko
吾輩は猫である #1088,ja
痴人の愛 #135,ja
คนละฟากฟ้า #1193,th
活着 #482,zh
伊豆の踊子 #830,ja
Dead Stars #1037,fil
The Gate #726,km
Hujan #1120,id
เสือคำราม #156,th
완득이 #559,ko
西游记 #607,zh
สี่แผ่นดิน #1005,th
ตำนานสมเด็จพระนารายณ์ #635,th
한강 #1084,ko
三国演义 #969,zh
สี่แผ่นดิน #105,th
Lagenda Budak Setan #1155,ms
こころ #286,ja
Siti Nurbaya #426,id
กุหลาบป่า #450,th
Lagenda Budak Setan #475,ms
สุภาพบุรุษจุฑาเทพ #117,th
Survival in the Killing Fields #572,km
Dekada '70 #686,fil
吾輩は猫である #508,ja
흰 #1145,ko
7년의 밤 #798,ko
阿Q正传 #1075,zh
ขุนช้างขุนแผน #1166,th
When Broken Glass Floats #887,km
토지 #446,ko
Voices from S-21 #494,km
서울 1964년 겨울 #695,ko
Belenggu #469,id
Anak Mat Lela Gila #389,ms
坊っちゃん #247,ja
三国演义 #1089,zh
상록수 #190,ko
Anak Mat Lela Gila #689,ms
呐喊 #972,zh
Dead Stars #177,fil
상록수 #1190,ko
Mga Ibong Mandaragit #367,fil
Mga Kuwento ni Lola Basyang #811,fil
Ronggeng Dukuh Paruk #150,id
白鹿原 #625,zh
May Day Eve #400,fil
A Cambodian Prison Portrait #475,km
子夜 #936,zh
The Stones Cry Out #1030,km
Supernova #698,id
How My Brother Leon Brought Home a Wife #599,fil
무정 #669,ko
こころ #826,ja
Golden Bones: Volume 4,km
家 - Part 7,zh
Laskar Pelangi #834,id
Sulalat al-Salatin #1243,ms
Sulalat al-Salatin #423,ms
Mat Jenin #1234,ms
Panglima Awang: Volume 5,ms
Salina #626,ms
มัจจุราชเริงรำ #1178,th
Bamboo People #857,km
Hujan #320,id
伊豆の踊子 #650,ja
家 #457,zh
Dead Stars #677,fil
살인자의 기억법 #1217,ko
Lelaki Harimau #492,id
雪国 #289,ja
คำพิพากษา #1203,th
Bumi Manusia #1081,id
มัจจุราชเริงรำ #318,th
Cinta di Dalam Gelas #857,id
風の歌を聴け #1024,ja
三国演义 #1249,zh
家 #1057,zh
秋 #1159,zh
작별인사 #323,ko
Panglima Awang #790,ms
Lagenda Budak Setan #375,ms
รักไม่มีสิทธิ์ #579,th
Sa Mga Kuko ng Liwanag #293,fil
春 - Part 8,zh
흰 #585,ko
삼대 #1231,ko
Ayah #696,id
Children of Cambodia's Killing Fields #449,km
ศรีบูรพา #489,th
Penawar Bagi Hati #218,ms
Laskar Pelangi #654,id
Siti Nurbaya #1225,ms
First They Killed My Father #1201,km
작별인사 #783,ko
The Rosales Saga #215,fil
Rice and Baguette #1220,km
Hikayat Hang Tuah #501,ms
아리랑 #327,ko
Laskar Pelangi #194,id
Sa Mga Kuko ng Liwanag #913,fil
The Lost Executioner #182,km
ด้วยรักและผูกพัน #242,th
Cinta di Dalam Gelas #697,id
Salina #1046,ms
金閣寺 #392,ja
Mat Jenin #734,ms
ขุนช้างขุนแผน #1046,th
Perburuan #185,id
Siti Nurbaya #165,ms
Mga Ibong Mandaragit #207,fil
우리들의 행복한 시간 #900,ko
토지 #286,ko
Atheis #268,id
Gadis Jolobu #980,ms
Golden Bones #359,km
Anak Semua Bangsa #1142,id
Anak Semua Bangsa #882,id
金閣寺 #692,ja
家 #637,zh
ลูกอีสาน: Volume 4,th
金瓶梅 #130,zh
เลือดมังกร #372,th
7년의 밤 #438,ko
破戒 #351,ja
El Filibusterismo #1122,fil
こころ #406,ja
金瓶梅 #450,zh
무진기행 #874,ko
仮面の告白 #853,ja
완득이 #1219,ko
Tenggelamnya Kapal Van Der Wijck #944,ms
Ronggeng Dukuh Paruk (2009),id
Voices from S-21 #394,km
ABNKKBSNPLAko?! #432,fil
คำพิพากษา #123,th
围城 #503,zh
Supernova #878,id
How My Brother Leon Brought Home a Wife #759,fil
Ang Paboritong Libro ni Hudas #1230,fil
Belenggu #789,id
Anak Mat Lela Gila #909,ms
난장이가 쏘아올린 작은 공 #632,ko
When Broken Glass Floats - Part 7,km
Ayah #256,id
三国演义 #1229,zh
The Lost Executioner #142,km
Golden Bones #719,km
May Day Eve #860,fil
Kekasih Electra #313,ms
A Cambodian Prison Portrait #275,km
"Stay Alive, My Son #325",km
朝花夕拾 #711,zh
작별인사 #483,ko
흰 #1125,ko
Siti Nurbaya #685,ms
Florante at Laura #1203,fil
三体 #1221,zh
Salina #166,ms
走れメロス #698,ja
한강 #784,ko
아리랑 #747,ko
Ronggeng Dukuh Paruk #270,id
平凡的世界 #804,zh
무진기행 #1174,ko
Sa Mga Kuko ng Liwanag #1053,fil
Bumi Manusia #601,id
西游记 #187,zh
아리랑 #87,ko
Perburuan #705,id
ลูกอีสาน #284,th
Mat Jenin #554,ms
Survival in the Killing Fields #512,km
อิเหนา #1048,th
人間失格 #356,ja
Hang Jebat Menderhaka #397,ms
Gapo #1214,fil
난장이가 쏘아올린 작은 공 #352,ko
走れメロス #778,ja
Bidasari #711,ms
Cambodia's Curse #233,km
ศรีบูรพา #969,th
무진기행 #654,ko
Interlok #667,ms
Luha ng Buwaya #525,fil
Padre Faura Witness the Execution of Rizal #516,fil
El Filibusterismo #182,fil
The Stones Cry Out #610,km
Siti Nurbaya #206,id
Hujan #780,id
Cinta di Dalam Gelas #597,id
채식주의자 #1161,ko
走れメロス #798,ja
คนละฟากฟ้า #213,th
呐喊 #452,zh
Sa Mga Kuko ng Liwanag #1153,fil
Anak Semua Bangsa #1102,id
In the Shadow of the Banyan #124,km
Panglima Awang #1170,ms
เสือคำราม #556,th
Pulang #493,id
痴人の愛 #935,ja
The Gate #626,km
Sang Pemimpi #875,id
ฟ้าใหม่ #140,th
ตำนานสมเด็จพระนารายณ์ #215,th
Hujan #720,id
Tenggelamnya Kapal Van Der Wijck #564,ms
ข้าหลวง: Volume 4,th
1Q84 #122,ja
Rumah Kaca #464,id
난장이가 쏘아올린 작은 공 #672,ko
狂人日记 #574,zh
"Stay Alive, My Son #365",km
คำพิพากษา #843,th
Cantik Itu Luka #391,id
상록수 #1050,ko
金瓶梅 - Part 10,zh
Ang Paboritong Libro ni Hudas #670,fil
Cinta di Dalam Gelas #757,id
金瓶梅 #530,zh
Rumah Kaca #584,id
Perburuan #625,id
The Rosales Saga #935,fil
How My Brother Leon Brought Home a Wife #539,fil
ด้วยรักและผูกพัน #502,th
Sulalat al-Salatin #1003,ms
Cambodia's Curse #433,km
狂人日记 #234,zh
Siti Nurbaya #245,ms
Florante at Laura #723,fil
Luha ng Buwaya #105,fil
Florante at Laura #83,fil
狂人日记 #754,zh
Leftenan Adnan #856,ms
The Lost Executioner #842,km
Cinta di Dalam Gelas #1057,id
สี่แผ่นดิน #745,th
1Q84 #682,ja
Supernova #158,id
ศรีบูรพา #1189,th
완득이 #659,ko
水浒传 #588,zh
소년이 온다 #522,ko
Leftenan Adnan #296,ms
Menara #759,ms
When Broken Glass Floats #527,km
Cinta di Dalam Gelas: Volume 2,id
阿Q正传 #635,zh
Gadis Jolobu #1080,ms
海辺のカフカ #343,ja
Footnote to Youth #1218,fil
Ronggeng Dukuh Paruk #650,id
Ronggeng Dukuh Paruk #1010,id
Sulalat al-Salatin #1143,ms
ノルウェイの森 #261,ja
1Q84 #742,ja
Jejak Langkah #1103,id
活着 #162,zh
平凡的世界 #1104,zh
May Day Eve #680,fil
작별인사 #1003,ko
무진기행 #674,ko
三体 #221,zh
Mga Kuwento ni Lola Basyang #571,fil
Belenggu #189,id
Penawar Bagi Hati #938,ms
破戒 #571,ja
Mat Jenin #514,ms
Tenggelamnya Kapal Van Der Wijck #164,ms
완득이 #319,ko
สุภาพบุรุษจุฑาเทพ #657,th
朝花夕拾 #651,zh
Ayah #316,id
Laskar Pelangi #614,id
Dead Stars #577,fil
Atheis #328,id
ด้วยรักและผูกพัน #1182,th
살인자의 기억법 #517,ko
광장 #173,ko
ศรีบูรพา #1069,th
Siti Nurbaya #1145,ms
한강 #524,ko
Bidasari #731,ms
Merpati Putih Terbang Lagi #752,ms
Sulalat al-Salatin #763,ms
작별인사 #843,ko
Lagenda Budak Setan #415,ms
ขุนช้างขุนแผน #1106,th
海辺のカフカ #563,ja
破戒: Volume 1,ja
Penawar Bagi Hati #378,ms
흰 #1225,ko
Padre Faura Witness the Execution of Rizal #156,fil
ฟ้าใหม่ #360,th
舞姫 #140,ja
พระอภัยมณี #367,th
Rice and Baguette #1040,km
아리랑 #1147,ko
Bamboo People #757,km
春 #138,zh
아리랑 #227,ko
吾輩は猫である #108,ja
Lagenda Budak Setan #875,ms
소년이 온다 #402,ko
Lagenda Budak Setan #515,ms
Lagenda Budak Setan #255,ms
สุภาพบุรุษจุฑาเทพ #1057,th
Mat Jenin #754,ms
Hujan #560,id
こころ #546,ja
ด้วยรักและผูกพัน #822,th
坊っちゃん #807,ja
Rumah Kaca #604,id
Menara #1099,ms
Dead Stars #617,fil
Mga Kuwento ni Lola Basyang #311,fil
Interlok #447,ms
Lucky Child #831,km
광장 #1013,ko
海辺のカフカ (2002),ja
서울 1964년 겨울 #1035,ko
Dekada '70 #306,fil
Smaller and Smaller Circles #489,fil
Menara #499,ms
Sulalat al-Salatin #1023,ms
Cinta di Dalam Gelas #437,id
海辺のカフカ #1023,ja
Cinta di Dalam Gelas #1157,id
金閣寺 #1112,ja
Children of Cambodia's Killing Fields #669,km
เสือคำราม #1016,th
Lelaki Harimau #92,id
토지 #906,ko
"Stay Alive, My Son #1205",km
The Death of Vishnu: Volume 1,km
金瓶梅 #1250,zh
Ang Paboritong Libro ni Hudas #870,fil
ชาติหน้าขอให้พบกัน #1051,th
こころ #666,ja
ตำนานสมเด็จพระนารายณ์ #395,th
Belenggu #1129,id
Hujan #1180,id
ABNKKBSNPLAko?! #752,fil
水浒传 #328,zh
พระอภัยมณี #1127,th
Cantik Itu Luka #351,id
朝花夕拾 #211,zh
山月記 #1199,ja
El Filibusterismo #542,fil
Kekasih Electra #613,ms
เสือคำราม #976,th
Anak Semua Bangsa #82,id
Salina #146,ms
7년의 밤 #258,ko
Sulalat al-Salatin #243,ms
Salina #266,ms
白鹿原 #1145,zh
Anak Semua Bangsa,id
羊をめぐる冒険 #605,ja
羊をめぐる冒険 #885,ja
子夜 #796,zh
คำพิพากษา #103,th
살인자의 기억법 #177,ko
活着 #882,zh
痴人の愛 #735,ja
春: Volume 3,zh
阿Q正传,zh
雷雨 #380,zh
The Stones Cry Out #970,km
秋 #119,zh
The Death of Vishnu #556,km
Survival in the Killing Fields #1232,km
Sang Pemimpi: Volume 5,id
เลือดมังกร #192,th
The Gate #1246,km
삼대 #431,ko
Bidasari #771,ms
Smaller and Smaller Circles #1069,fil
Salina #826,ms
ตำนานสมเด็จพระนารายณ์ #935,th
คำพิพากษา #683,th
A Cambodian Prison Portrait #355,km
Interlok #767,ms
Little Princes #1218,km
살인자의 기억법 #857,ko
มัจจุราชเริงรำ #538,th
人間失格 #796,ja
Sejarah Melayu #762,ms
Lelaki Harimau #692,id
จดหมายจากหมาเบื่อ (2000),th
Leftenan Adnan #776,ms
คำพิพากษา #1103,th
พระอภัยมณี #1007,th
1Q84 #1222,ja
伊豆の踊子 #390,ja
風の歌を聴け #524,ja
雪国 #909,ja
Pulang #473,id
風の歌を聴け #564,ja
雷雨 #300,zh
광장 #393,ko
El Filibusterismo #982,fil
Laskar Pelangi #554,id
平凡的世界 #1204,zh
Florante at Laura #683,fil
ด้วยรักและผูกพัน #142,th
Hikayat Hang Tuah #341,ms
ชาติหน้าขอให้พบกัน #1131,th
斜陽 #217,ja
How My Brother Leon Brought Home a Wife #259,fil
Dead Stars #597,fil
平凡的世界 #184,zh
ข้าหลวง #1154,th
呐喊 #652,zh
ข้าหลวง #814,th
Florante at Laura #1123,fil
Noli Me Tangere #961,fil
우리들의 행복한 시간 #400,ko
平凡的世界 #604,zh
Footnote to Youth #1158,fil
春 #498,zh
ตำนานสมเด็จพระนารายณ์ #315,th
삼대 #851,ko
채식주의자 #281,ko
人間失格 #336,ja
Bamboo People #1017,km
Cambodia's Curse #1133,km
围城 #883,zh
Gadis Jolobu #740,ms
Gapo #254,fil
Salina #206,ms
破戒 #91,ja
Rice and Baguette #580,km
Anak Mat Lela Gila #209,ms
The Death of Vishnu #596,km
토지 #1206,ko
Cambodia's Curse #1013,km
舞姫 #740,ja
คำพิพากษา #723,th
伊豆の踊子 #270,ja
First They Killed My Father #761,km
雪国 #189,ja
난장이가 쏘아올린 작은 공 #1132,ko
痴人の愛 #775,ja
三体 #161,zh
Rice and Baguette #1000,km
Bumi Manusia #461,id
삼대 #391,ko
서울 1964년 겨울 #1135,ko
토지 #566,ko
Sa Mga Kuko ng Liwanag #1173,fil
อิเหนา #468,th
Anak Mat Lela Gila #1149,ms
ノルウェイの森 #201,ja
海辺のカフカ #943,ja
山月記 #819,ja
吾輩は猫である #1208,ja
The Rosales Saga #1055,fil
春 #438,zh
무진기행 #1214,ko
พระอภัยมณี #987,th
Menara #699,ms
Hang Jebat Menderhaka #237,ms
Anak Mat Lela Gila #129,ms
ABNKKBSNPLAko?! #972,fil
ชาติหน้าขอให้พบกัน #1091,th
Sulalat al-Salatin #843,ms
Mat Jenin #994,ms
子夜 #376,zh
Supernova #1058,id
The Stones Cry Out #890,km
Ranjau Sepanjang Jalan #228,ms
May Day Eve #940,fil
Rumah Kaca #1224,id
春 #258,zh
Cambodia's Curse #113,km
서울 1964년 겨울 - Part 5,ko
Atheis #1188,id
Tenggelamnya Kapal Van Der Wijck #984,ms
舞姫 #280,ja
상록수 #550,ko
子夜 #176,zh
A Cambodian Prison Portrait #1015,km
소년이 온다 #322,ko
こころ #1126,ja
風の歌を聴け #744,ja
風の歌を聴け #164,ja
รักไม่มีสิทธิ์ #679,th
Sa Mga Kuko ng Liwanag #473,fil
A Cambodian Prison Portrait #635,km
雷雨 #1220,zh
Survival in the Killing Fields #1172,km
Siti Nurbaya #106,id
Leftenan Adnan #676,ms
상록수 (2009),ko
Sa Mga Kuko ng Liwanag #813,fil
Rice and Baguette #900,km
คำพิพากษา #663,th
阿Q正传 #355,zh
Lelaki Harimau #752,id
พระอภัยมณี #1207,th
水浒传 #1128,zh
Supernova #98,id
완득이 #259,ko
To Destroy You Is No Loss #988,km
Anak Mat Lela Gila #249,ms
Cantik Itu Luka #231,id
Anak Mat Lela Gila #469,ms
走れメロス #438,ja
ข้าหลวง #434,th
羊をめぐる冒険 #565,ja
채식주의자 #561,ko
Lucky Child #1131,km
엄마를 부탁해 #776,ko
山月記,ja
흰 #985,ko
吾輩は猫である #288,ja
First They Killed My Father #581,km
무진기행 #394,ko
白鹿原 #605,zh
The Gate #1226,km
吾輩は猫である #728,ja
阿Q正传 #755,zh
Bidasari #1111,ms
Noli Me Tangere #301,fil
活着 #202,zh
金瓶梅 #490,zh
Sulalat al-Salatin #143,ms
走れメロス #178,ja
In the Shadow of the Banyan #144,km
Ayah #1196,id
Mga Kuwento ni Lola Basyang #931,fil
水浒传 #988,zh
Salina #326,ms
คำพิพากษา #1243,th
A Cambodian Prison Portrait #1195,km
阿Q正传 #775,zh
Lelaki Harimau #812,id
The Gate (2005),km
秋: Volume 4,zh
平凡的世界 - Part 4,zh
Banaag at Sikat #304,fil
ฟ้าใหม่ #1080,th
雪国 #729,ja
Kekasih Electra #513,ms
Pulang #693,id
西游记 #1087,zh
人間失格 #1056,ja
Hang Jebat Menderhaka #97,ms
To Destroy You Is No Loss #908,km
삼대: Volume 1,ko
Supernova #1198,id
斜陽 #617,ja
Children of Cambodia's Killing Fields #269,km
Sa Mga Kuko ng Liwanag #273,fil
風の歌を聴け #324,ja
In the Shadow of the Banyan #1224,km
子夜 #1036,zh
Children of Cambodia's Killing Fields #629,km
Ilustrado #448,fil
雷雨 #240,zh
西游记 #727,zh
How My Brother Leon Brought Home a Wife #1099,fil
토지 #1066,ko
Survival in the Killing Fields #292,km
Lelaki Harimau #852,id
광장 #893,ko
Bumi Manusia #381,id
Bumi Manusia #341,id
살인자의 기억법 #437,ko
斜陽 #197,ja
Rumah Kaca #384,id
Mat Jenin #1054,ms
เลือดมังกร #1032,th
Siti Nurbaya #625,ms
西游记 #427,zh
破戒 #751,ja
Ranjau Sepanjang Jalan #428,ms
子夜 #276,zh
Survival in the Killing Fields #1152,km
난장이가 쏘아올린 작은 공 #652,ko
山月記 #559,ja
완득이 #159,ko
Sejarah Melayu #402,ms
จดหมายจากหมาเบื่อ #1061,th
Dekada '70 #706,fil
Ronggeng Dukuh Paruk #970,id
아리랑 #187,ko
Siti Nurbaya #926,id
Leftenan Adnan #656,ms
흰 #1185,ko
The Death of Vishnu #96,km
Tenggelamnya Kapal Van Der Wijck #644,ms
Menara #119,ms
คนละฟากฟ้า #553,th
จดหมายจากหมาเบื่อ #301,th
舞姫 #1000,ja
Ranjau Sepanjang Jalan #648,ms
아리랑 #1047,ko
Salina #126,ms
羊をめぐる冒険,ja
Smaller and Smaller Circles #829,fil
羊をめぐる冒険 #985,ja
雷雨 #140,zh
金閣寺 #952,ja
こころ #366,ja
水浒传 #1188,zh
雷雨 #560,zh
伊豆の踊子 (2009),ja
Anak Mat Lela Gila #869,ms
Hikayat Hang Tuah #461,ms
มัจจุราชเริงรำ #858,th
Sang Pemimpi #375,id
To Destroy You Is No Loss: Volume 3,km
Ilustrado #808,fil
서울 1964년 겨울 #715,ko
The Gate #1166,km
ขุนช้างขุนแผน #466,th
金閣寺: Volume 2,ja
คนละฟากฟ้า #693,th
Hang Jebat Menderhaka #177,ms
Salina #666,ms
삼대 #691,ko
Luha ng Buwaya #605,fil
พระอภัยมณี #327,th
Anak Mat Lela Gila (2008),ms
무진기행 #194,ko
ลูกอีสาน,th
First They Killed My Father #141,km
살인자의 기억법: Volume 2,ko
仮面の告白 #193,ja
山月記 #99,ja
Gadis Jolobu #860,ms
서울 1964년 겨울 #1115,ko
아리랑 - Part 7,ko
Lagenda Budak Setan #715,ms
Mat Jenin #234,ms
Luha ng Buwaya #1085,fil
Ranjau Sepanjang Jalan #148,ms
กุหลาบป่า (2009),th
มัจจุราชเริงรำ #158,th
Laskar Pelangi #294,id
Luha ng Buwaya #585,fil
舞姫 #180,ja
狂人日记 #1014,zh
The Stones Cry Out #370,km
吾輩は猫である #328,ja
子夜 #976,zh
คนละฟากฟ้า #293,th
엄마를 부탁해,ko
家 #437,zh
羊をめぐる冒険 #85,ja
The Lost Executioner #1182,km
엄마를 부탁해 - Part 6,ko
Golden Bones #919,km
ขุนช้างขุนแผน #1026,th
Perburuan #1065,id
무진기행 #854,ko
In the Shadow of the Banyan #724,km
흰 #245,ko
May Day Eve #720,fil
난장이가 쏘아올린 작은 공 #112,ko
The Death of Vishnu,km
To Destroy You Is No Loss #828,km
白鹿原 #745,zh
Kekasih Electra #193,ms
朝花夕拾 #1031,zh
Ranjau Sepanjang Jalan #1208,ms
Bumi Manusia #141,id
水浒传 #668,zh
Sejarah Melayu #862,ms
Belenggu #209,id
Hikayat Hang Tuah #221,ms
斜陽 #237,ja
ด้วยรักและผูกพัน #562,th
Perburuan #465,id
呐喊 #392,zh
山月記 #1119,ja
雪国 #629,ja
พระอภัยมณี #547,th
무진기행 #574,ko
Banaag at Sikat #424,fil
우리들의 행복한 시간 #1020,ko
작별인사 #1183,ko
春 #278,zh
First They Killed My Father #941,km
The Death of Vishnu #1196,km
Layar Terkembang #127,id
อิเหนา #408,th
아리랑 #1067,ko
Voices from S-21 #194,km
Anak Semua Bangsa #782,id
Tenggelamnya Kapal Van Der Wijck #524,ms
活着 #542,zh
Smaller and Smaller Circles #1049,fil
Children of Cambodia's Killing Fields #929,km
คำพิพากษา #963,th
The Death of Vishnu #136,km
Sulalat al-Salatin #1063,ms
Dead Stars #297,fil
The Rosales Saga #1215,fil
아리랑 #1187,ko
家 #837,zh
Bumi Manusia #821,id
Siti Nurbaya #225,ms
In the Shadow of the Banyan #1044,km
ลูกอีสาน #584,th
When Broken Glass Floats #627,km
광장 #653,ko
How My Brother Leon Brought Home a Wife #1239,fil
こころ #446,ja
Mga Ibong Mandaragit #1207,fil
คนละฟากฟ้า #353,th
Sulalat al-Salatin #483,ms
พระอภัยมณี #1027,th
こころ #1026,ja
Anak Semua Bangsa #742,id
水浒传 #208,zh
红楼梦,zh
Jejak Langkah #1083,id
Footnote to Youth #478,fil
Noli Me Tangere #381,fil
ข้าหลวง #734,th
子夜 #756,zh
Sang Pemimpi #535,id
細雪 #194,ja
The Gate #246,km
Negeri 5 Menara #1139,id
아리랑 #587,ko
金閣寺 #252,ja
When Broken Glass Floats #1027,km
ชาติหน้าขอให้พบกัน #211,th
Bamboo People #717,km
May Day Eve #180,fil
"Stay Alive, My Son #1165",km
三国演义 #409,zh
Kekasih Electra #153,ms
아리랑 #127,ko
우리들의 행복한 시간 #320,ko
ตำนานสมเด็จพระนารายณ์ #355,th
ABNKKBSNPLAko?! #592,fil
The Lost Executioner #462,km
서울 1964년 겨울 #175,ko
Luha ng Buwaya #385,fil
吾輩は猫である #848,ja
Sang Pemimpi #855,id
Gapo #94,fil
เลือดมังกร (2011),th
흰 #765,ko
呐喊 #1172,zh
광장 #1133,ko
風の歌を聴け - Part 4,ja
ตำนานสมเด็จพระนารายณ์ #535,th
เลือดมังกร #272,th
รักไม่มีสิทธิ์ #239,th
Siti Nurbaya #1086,id
Footnote to Youth #778,fil
The Lost Executioner,km
Children of Cambodia's Killing Fields #769,km
Kekasih Electra #213,ms
무진기행 #834,ko
Dead Stars #957,fil
아리랑 #287,ko
红楼梦 #186,zh
To Destroy You Is No Loss #1048,km
ลูกอีสาน #344,th
Tenggelamnya Kapal Van Der Wijck #1104,ms
สี่แผ่นดิน #225,th
สุภาพบุรุษจุฑาเทพ #737,th
ข้าหลวง #314,th
Leftenan Adnan #716,ms
Belenggu - Part 9,id
海辺のカフカ #603,ja
Gapo #554,fil
상록수,ko
May Day Eve #380,fil
Layar Terkembang #227,id
The Stones Cry Out #910,km
Perburuan #445,id
Sang Pemimpi #215,id
สี่แผ่นดิน (2004),th
羊をめぐる冒険 #1165,ja
三国演义 #1169,zh
Footnote to Youth #498,fil
한강 #1224,ko
春 #598,zh
흰 #225,ko
吾輩は猫である #688,ja
엄마를 부탁해 #1096,ko
红楼梦 #346,zh
痴人の愛 #635,ja
채식주의자 #121,ko
태백산맥 #808,ko
こころ #1226,ja
金瓶梅 #90,zh
상록수 #510,ko
人間失格 #1236,ja
토지 #946,ko
Salina #1226,ms
Mga Ibong Mandaragit #1047,fil
Jejak Langkah #743,id
อิเหนา #688,th
Never Fall Down #583,km
Anak Semua Bangsa: Volume 2,id
First They Killed My Father #921,km
仮面の告白 #753,ja
Panglima Awang #210,ms
The Death of Vishnu #576,km
吾輩は猫である #528,ja
金瓶梅 #230,zh
รักไม่มีสิทธิ์ #719,th
Dead Stars #757,fil
Pulang #353,id
Lelaki Harimau #712,id
The Death of Vishnu #1136,km
Banaag at Sikat #1244,fil
Survival in the Killing Fields #452,km
토지 #166,ko
Merpati Putih Terbang Lagi #512,ms
한강 #564,ko
The Gate #486,km
羊をめぐる冒険 #925,ja
狂人日记 #774,zh
สุภาพบุรุษจุฑาเทพ #317,th
Penawar Bagi Hati #198,ms
จดหมายจากหมาเบื่อ #1041,th
Luha ng Buwaya #1025,fil
痴人の愛 #415,ja
Interlok #1187,ms
水浒传 #748,zh
Bidasari #131,ms
Jejak Langkah #1163,id
平凡的世界 #1124,zh
Lucky Child #371,km
จดหมายจากหมาเบื่อ #461,th
ข้าหลวง #534,th
彷徨 #933,zh
엄마를 부탁해 #796,ko
彷徨 #1033,zh
완득이 #1119,ko
Little Princes #898,km
西游记 #647,zh
The Gate #166,km
Ang Paboritong Libro ni Hudas #1130,fil
彷徨 #233,zh
The Stones Cry Out #730,km
Panglima Awang #1090,ms
Hikayat Hang Tuah #361,ms
Ayah #1156,id
人間失格 #396,ja
Ang Paboritong Libro ni Hudas #530,fil
Siti Nurbaya #1205,ms
三体 #821,zh
阿Q正传 #875,zh
To Destroy You Is No Loss #628,km
รักไม่มีสิทธิ์ #939,th
Gapo #574,fil
Gapo #534,fil
มัจจุราชเริงรำ #838,th
海辺のカフカ #163,ja
Jejak Langkah #123,id
Florante at Laura #883,fil
How My Brother Leon Brought Home a Wife (2018),fil
จดหมายจากหมาเบื่อ #881,th
난장이가 쏘아올린 작은 공 #1212,ko
Siti Nurbaya #765,ms
ノルウェイの森 #301,ja
水浒传 #1148,zh
Panglima Awang #710,ms
The Rosales Saga (2014),fil
Padre Faura Witness the Execution of Rizal #96,fil
คนละฟากฟ้า #453,th
Layar Terkembang #1187,id
三国演义 #1009,zh
Tenggelamnya Kapal Van Der Wijck #624,ms
ノルウェイの森 #661,ja
ด้วยรักและผูกพัน (2001),th
Panglima Awang #930,ms
仮面の告白 #453,ja
走れメロス #938,ja
Cambodia's Curse #833,km
Lagenda Budak Setan #595,ms
흰 #425,ko
Atheis #368,id
Never Fall Down #803,km
三体 #541,zh
ฟ้าใหม่ #420,th
Mga Ibong Mandaragit #1127,fil
Kekasih Electra #1033,ms
광장 #1213,ko
Anak Mat Lela Gila #1229,ms
三体 (2000),zh
红楼梦 #166,zh
Siti Nurbaya #1065,ms
ศรีบูรพา #369,th
舞姫 - Part 10,ja
รักไม่มีสิทธิ์ #119,th
Salina #426,ms
風の歌を聴け #924,ja
Golden Bones #319,km
กุหลาบป่า #1170,th
Kekasih Electra #573,ms
Florante at Laura #323,fil
朝花夕拾 #591,zh
Jejak Langkah #543,id
Perburuan #985,id
우리들의 행복한 시간 #760,ko
Ayah #576,id
คนละฟากฟ้า #1173,th
Bumi Manusia #421,id
西游记 #407,zh
人間失格 #1196,ja
ABNKKBSNPLAko?! #932,fil
Children of Cambodia's Killing Fields (2008),km
El Filibusterismo #922,fil
In the Shadow of the Banyan #564,km
우리들의 행복한 시간 #540,ko
Padre Faura Witness the Execution of Rizal #656,fil
Lucky Child #731,km
Never Fall Down #663,km
Sa Mga Kuko ng Liwanag #1193,fil
Sang Pemimpi #115,id
風の歌を聴け #224,ja
Siti Nurbaya #1045,ms
Hang Jebat Menderhaka #557,ms
Voices from S-21 #1114,km
First They Killed My Father #1041,km
西游记 #1067,zh
彷徨 - Part 3,zh
살인자의 기억법 #897,ko
May Day Eve #980,fil
소년이 온다 #282,ko
"Stay Alive, My Son #545",km
Pulang #1233,id
ขุนช้างขุนแผน #1126,th
Luha ng Buwaya #225,fil
白鹿原 (2004),zh
红楼梦 #286,zh
엄마를 부탁해 #1016,ko
흰 #1025,ko
소년이 온다 #1062,ko
เลือดมังกร,th
Rice and Baguette #300,km
走れメロス #918,ja
Sa Mga Kuko ng Liwanag #313,fil
The Rosales Saga #815,fil
Ayah #936,id
阿Q正传 #1135,zh
Jejak Langkah #923,id
Anak Mat Lela Gila #189,ms
When Broken Glass Floats #847,km
ขุนช้างขุนแผน #1186,th
Padre Faura Witness the Execution of Rizal #476,fil
First They Killed My Father #1001,km
Siti Nurbaya (2004),ms
Luha ng Buwaya - Part 5,fil
ขุนช้างขุนแผน - Part 6,th
Siti Nurbaya #1026,id
살인자의 기억법 #377,ko
人間失格 #176,ja
Cantik Itu Luka #1131,id
Ranjau Sepanjang Jalan #1188,ms
Anak Semua Bangsa #602,id
Layar Terkembang #1087,id
Dead Stars #1017,fil
Atheis #628,id
舞姫 #640,ja
Anak Mat Lela Gila #1069,ms
Sa Mga Kuko ng Liwanag,fil
우리들의 행복한 시간 #460,ko
Menara #979,ms
The Rosales Saga #135,fil
The Rosales Saga #1075,fil
First They Killed My Father #661,km
Laskar Pelangi #694,id
พระอภัยมณี #1087,th
ノルウェイの森,ja
三体,zh
Siti Nurbaya #125,ms
走れメロス #858,ja
水浒传 #408,zh
상록수 #810,ko
仮面の告白 #1193,ja
Cinta di Dalam Gelas #337,id
Menara #179,ms
ABNKKBSNPLAko?! #552,fil
우리들의 행복한 시간 #1200,ko
The Gate #186,km
朝花夕拾 #991,zh
Atheis #908,id
Siti Nurbaya #1105,ms
한강 #804,ko
Survival in the Killing Fields #652,km
Noli Me Tangere #1081,fil
Smaller and Smaller Circles #129,fil
吾輩は猫である #608,ja
Belenggu #1229,id
Mga Kuwento ni Lola Basyang #291,fil
อิเหนา #1188,th
Smaller and Smaller Circles #569,fil
Ang Paboritong Libro ni Hudas (2009),fil
Golden Bones #159,km
Penawar Bagi Hati #1018,ms
Panglima Awang #350,ms
ลูกอีสาน #84,th
Supernova #758,id
Mga Ibong Mandaragit #707,fil
風の歌を聴け #1244,ja
白鹿原 #685,zh
Sang Pemimpi #775,id
金閣寺 #172,ja
ขุนช้างขุนแผน #346,th
Menara #219,ms
Lucky Child #511,km
仮面の告白 #233,ja
난장이가 쏘아올린 작은 공 #792,ko
Ronggeng Dukuh Paruk #470,id
Cambodia's Curse #573,km
ศรีบูรพา,th
กุหลาบป่า #90,th
Never Fall Down #763,km
ตำนานสมเด็จพระนารายณ์ #135,th
Sang Pemimpi #755,id
Luha ng Buwaya #445,fil
아리랑 #1207,ko
กุหลาบป่า #910,th
Cinta di Dalam Gelas #397,id
Ilustrado: Volume 3,fil
Ranjau Sepanjang Jalan #688,ms
The Stones Cry Out #1150,km
雷雨 #700,zh
Pulang #653,id
Luha ng Buwaya #125,fil
ノルウェイの森 #541,ja
Luha ng Buwaya #865,fil
仮面の告白 #633,ja
Tenggelamnya Kapal Van Der Wijck #724,ms
ตำนานสมเด็จพระนารายณ์ #715,th
Hikayat Hang Tuah #661,ms
To Destroy You Is No Loss #888,km
Anak Semua Bangsa #462,id
Layar Terkembang #847,id
Ang Paboritong Libro ni Hudas: Volume 5,fil
Layar Terkembang (2006),id
Mat Jenin #434,ms
완득이 #99,ko
Bamboo People #1137,km
Mat Jenin #374,ms
Survival in the Killing Fields #1192,km
破戒 #311,ja
Banaag at Sikat #804,fil
Smaller and Smaller Circles #1229,fil
First They Killed My Father #681,km
仮面の告白 #1053,ja
ศรีบูรพา #909,th
Children of Cambodia's Killing Fields #489,km
The Lost Executioner #682,km
Cantik Itu Luka #451,id
The Rosales Saga #755,fil
狂人日记 #394,zh
무진기행 #174,ko
伊豆の踊子 #710,ja
Florante at Laura #1003,fil
家 #657,zh
มัจจุราชเริงรำ #398,th
상록수 #90,ko
破戒 #491,ja
海辺のカフカ #923,ja
아리랑 #867,ko
吾輩は猫である #668,ja
Laskar Pelangi #1054,id
金瓶梅 #690,zh
소년이 온다 #462,ko
May Day Eve #440,fil
ฟ้าใหม่ #700,th
Ronggeng Dukuh Paruk #1190,id
Jejak Langkah #483,id
斜陽 #297,ja
무정 #909,ko
西游记 #507,zh
กุหลาบป่า #610,th
난장이가 쏘아올린 작은 공 #92,ko
Lucky Child #591,km
金瓶梅 #170,zh
Penawar Bagi Hati #298,ms
Salina #286,ms
소년이 온다 #162,ko
Survival in the Killing Fields #1072,km
In the Shadow of the Banyan #504,km
"Stay Alive, My Son #1025",km
西游记 #787,zh
삼대 #731,ko
平凡的世界 #244,zh
金閣寺 #452,ja
Voices from S-21 #854,km
平凡的世界 #924,zh
Tenggelamnya Kapal Van Der Wijck,ms
Merpati Putih Terbang Lagi #492,ms
Padre Faura Witness the Execution of Rizal #896,fil
우리들의 행복한 시간 #180,ko
Hikayat Hang Tuah #201,ms
Dead Stars #1117,fil
태백산맥 #368,ko
1Q84 #842,ja
金瓶梅 #410,zh
서울 1964년 겨울 #295,ko
Lucky Child #611,km
痴人の愛 #815,ja
The Death of Vishnu #1156,km
The Lost Executioner #1062,km
Sejarah Melayu #142,ms
Supernova #378,id
Florante at Laura #103,fil
Gadis Jolobu #180,ms
In the Shadow of the Banyan #584,km
Ilustrado #928,fil
伊豆の踊子 #530,ja
海辺のカフカ #823,ja
한강 #1104,ko
Cambodia's Curse #373,km
우리들의 행복한 시간 #1140,ko
Dekada '70 #1146,fil
吾輩は猫である #268,ja
Rumah Kaca #824,id
Ang Paboritong Libro ni Hudas #730,fil
Bidasari #1231,ms
金瓶梅: Volume 5,zh
Salina #1126,ms
呐喊 #992,zh
난장이가 쏘아올린 작은 공 (2011),ko
Gapo,fil
เสือคำราม #676,th
平凡的世界 #1004,zh
Interlok #547,ms
吾輩は猫である #168,ja
家 #597,zh
ฟ้าใหม่ #980,th
7년의 밤 #1238,ko
Interlok #507,ms
Survival in the Killing Fields #192,km
Cambodia's Curse: Volume 3,km
Lelaki Harimau #1052,id
Cinta di Dalam Gelas #537,id
ABNKKBSNPLAko?! #692,fil
ด้วยรักและผูกพัน #322,th
Hang Jebat Menderhaka #577,ms
山月記 #1219,ja
ขุนช้างขุนแผน #1146,th
伊豆の踊子 #750,ja
Banaag at Sikat #1124,fil
Panglima Awang #1050,ms
Florante at Laura #143,fil
雪国 #709,ja
吾輩は猫である #568,ja
흰 #345,ko
กุหลาบป่า #1190,th
รักไม่มีสิทธิ์ #659,th
雪国 #389,ja
Perburuan #365,id
พระอภัยมณี #147,th
채식주의자 #401,ko
작별인사 #1083,ko
Footnote to Youth #798,fil
秋 #419,zh
คำพิพากษา #483,th
ノルウェイの森 #941,ja
仮面の告白 #1133,ja
Survival in the Killing Fields #532,km
痴人の愛 #495,ja
Dead Stars #817,fil
Luha ng Buwaya #305,fil
Perburuan #585,id
Penawar Bagi Hati #258,ms
삼대,ko
กุหลาบป่า #1110,th
雪国 #949,ja
Voices from S-21 #734,km
Penawar Bagi Hati #358,ms
First They Killed My Father #561,km
Smaller and Smaller Circles #169,fil
红楼梦 #966,zh
雪国 (2008),ja
活着 #322,zh
Salina #466,ms
ノルウェイの森 #821,ja
伊豆の踊子 #1210,ja
Bumi Manusia #961,id
서울 1964년 겨울 #415,ko
ข้าหลวง #374,th
Hikayat Hang Tuah #121,ms
Supernova #198,id
Merpati Putih Terbang Lagi #932,ms
Siti Nurbaya #986,id
伊豆の踊子 #1190,ja
Bamboo People #1237,km
Smaller and Smaller Circles #1109,fil
Sulalat al-Salatin #563,ms
토지 #486,ko
金瓶梅 #1110,zh
秋 #1179,zh
Florante at Laura #983,fil
Ranjau Sepanjang Jalan #1048,ms
三体 #1001,zh
Sejarah Melayu #1222,ms
Little Princes #518,km
상록수 #1210,ko
เลือดมังกร #692,th
"Stay Alive, My Son #525",km
Siti Nurbaya #145,ms
Panglima Awang #550,ms
海辺のカフカ #323,ja
서울 1964년 겨울 #615,ko
吾輩は猫である #448,ja
Padre Faura Witness the Execution of Rizal #696,fil
Dead Stars #257,fil
水浒传 #508,zh
Little Princes #538,km
狂人日记 #694,zh
Smaller and Smaller Circles #309,fil
ขุนช้างขุนแผน #606,th
Penawar Bagi Hati #398,ms
채식주의자 #921,ko
Ronggeng Dukuh Paruk #990,id
Rumah Kaca #964,id
채식주의자 #141,ko
斜陽 #337,ja
坊っちゃん #727,ja
난장이가 쏘아올린 작은 공 #832,ko
พระอภัยมณี (2006),th
Dead Stars #1197,fil
痴人の愛 #755,ja
When Broken Glass Floats #87,km
A Cambodian Prison Portrait #755,km
伊豆の踊子 #410,ja
Little Princes #718,km
Panglima Awang #970,ms
破戒 #391,ja
Hujan #180,id
เลือดมังกร #632,th
The Stones Cry Out #110,km
มัจจุราชเริงรำ #1198,th
Gapo #1234,fil
白鹿原 #1225,zh
Perburuan #485,id
Laskar Pelangi #394,id
เสือคำราม #1136,th
พระอภัยมณี #287,th
人間失格 #256,ja
红楼梦 #1006,zh
ノルウェイの森 #781,ja
山月記 #519,ja
Tenggelamnya Kapal Van Der Wijck #764,ms
Bidasari #911,ms
Perburuan #1005,id
채식주의자 #481,ko
Dead Stars #977,fil
The Lost Executioner #982,km
흰 #405,ko
西游记 #627,zh
มัจจุราชเริงรำ #918,th
Leftenan Adnan #236,ms
ศรีบูรพา: Volume 4,th
สุภาพบุรุษจุฑาเทพ #457,th
상록수 #770,ko
阿Q正传 #675,zh
活着 #342,zh
ด้วยรักและผูกพัน #1082,th
Lelaki Harimau #552,id
살인자의 기억법 #1077,ko
Bumi Manusia (2000),id
Pulang #793,id
坊っちゃん #647,ja
채식주의자 #601,ko
Sa Mga Kuko ng Liwanag #653,fil
Little Princes #758,km
Voices from S-21 #1074,km
呐喊 #1052,zh
Footnote to Youth #858,fil
Smaller and Smaller Circles #749,fil
Negeri 5 Menara #499,id
살인자의 기억법 #877,ko
อิเหนา #568,th
舞姫 #840,ja
ด้วยรักและผูกพัน #442,th
How My Brother Leon Brought Home a Wife #959,fil
Banaag at Sikat #744,fil
斜陽 #1177,ja
破戒 #911,ja
雪国 #969,ja
人間失格 #556,ja
Supernova #1078,id
Hikayat Hang Tuah #701,ms
서울 1964년 겨울 #1055,ko
완득이 #899,ko
Layar Terkembang #987,id
คนละฟากฟ้า #1013,th
坊っちゃん #367,ja
Ayah #596,id
痴人の愛 #555,ja
平凡的世界 #564,zh
난장이가 쏘아올린 작은 공 #512,ko
Rice and Baguette #1200,km
Sulalat al-Salatin #263,ms
รักไม่มีสิทธิ์ #699,th
ข้าหลวง #674,th
To Destroy You Is No Loss #968,km
El Filibusterismo #122,fil
เสือคำราม #736,th
雪国 #409,ja
Laskar Pelangi #574,id
흰 #365,ko
완득이 #1059,ko
In the Shadow of the Banyan #864,km
Bamboo People #1057,km
엄마를 부탁해 #256,ko
สุภาพบุรุษจุฑาเทพ #277,th
海辺のカフカ #263,ja
Banaag at Sikat #444,fil
Gadis Jolobu #1120,ms
Jejak Langkah #823,id
Interlok #107,ms
ฟ้าใหม่ #460,th
Layar Terkembang #1027,id
Salina #1066,ms
In the Shadow of the Banyan #304,km
呐喊 #312,zh
呐喊 #772,zh
Bumi Manusia #501,id
กุหลาบป่า #470,th
살인자의 기억법 - Part 7,ko
Never Fall Down #903,km
Dekada '70,fil
Dead Stars #237,fil
水浒传 #768,zh
Menara #359,ms
Mga Ibong Mandaragit #1227,fil
狂人日记 #374,zh
红楼梦 #1226,zh
무진기행 #994,ko
สุภาพบุรุษจุฑาเทพ #237,th
Gapo: Volume 4,fil
Ayah #756,id
走れメロス,ja
Sejarah Melayu #562,ms
สี่แผ่นดิน #825,th
Interlok #1047,ms
海辺のカフカ #183,ja
ขุนช้างขุนแผน #246,th
こころ #326,ja
서울 1964년 겨울 #955,ko
Padre Faura Witness the Execution of Rizal #176,fil
Bidasari #691,ms
Lelaki Harimau #592,id
坊っちゃん #207,ja
Interlok #127,ms
Cambodia's Curse #513,km
한강 #484,ko
痴人の愛 #615,ja
"Stay Alive, My Son #625",km
Luha ng Buwaya #985,fil
Noli Me Tangere #321,fil
The Gate #526,km
Mga Kuwento ni Lola Basyang #1091,fil
Florante at Laura #583,fil
阿Q正传 #115,zh
Lucky Child #471,km
西游记 #1047,zh
痴人の愛 #1035,ja
Padre Faura Witness the Execution of Rizal #436,fil
Sejarah Melayu,ms
Sa Mga Kuko ng Liwanag #1013,fil
채식주의자 #621,ko
상록수 #950,ko
ด้วยรักและผูกพัน #662,th
三国演义 #889,zh
红楼梦 #1026,zh
서울 1964년 겨울 #935,ko
朝花夕拾 #1111,zh
Anak Mat Lela Gila #769,ms
จดหมายจากหมาเบื่อ #1181,th
Ilustrado #348,fil
소년이 온다 #342,ko
Laskar Pelangi #734,id
우리들의 행복한 시간 #1100,ko
Merpati Putih Terbang Lagi #272,ms
The Death of Vishnu #276,km
เสือคำราม #136,th
เลือดมังกร #492,th
Sulalat al-Salatin (2002),ms
山月記 #779,ja
เลือดมังกร #572,th
ABNKKBSNPLAko?! #112,fil
Noli Me Tangere #741,fil
Lucky Child #531,km
Sa Mga Kuko ng Liwanag #853,fil
무정 #549,ko
First They Killed My Father #1161,km
Voices from S-21 #1214,km
Menara #619,ms
Jejak Langkah #563,id
The Death of Vishnu #416,km
The Gate #946,km
Sulalat al-Salatin #623,ms
Footnote to Youth #618,fil
El Filibusterismo #822,fil
ชาติหน้าขอให้พบกัน #311,th
Dekada '70: Volume 1,fil
秋 #539,zh
朝花夕拾 #751,zh
광장 #453,ko
羊をめぐる冒険 (2004),ja
เสือคำราม #276,th
Gapo #214,fil
彷徨 #273,zh
Luha ng Buwaya #545,fil
細雪 #694,ja
อิเหนา #1108,th
สี่แผ่นดิน #1105,th
Mga Ibong Mandaragit #547,fil
소년이 온다 #902,ko
ด้วยรักและผูกพัน,th
Lucky Child #391,km
ฟ้าใหม่ #320,th
三体 #641,zh
토지 #106,ko
ฟ้าใหม่ #620,th
Siti Nurbaya #1106,id
三体 #701,zh
"Stay Alive, My Son #605",km
Dekada '70 #226,fil
Mga Kuwento ni Lola Basyang #1171,fil
Sang Pemimpi #1115,id
活着 #962,zh
Salina #546,ms
ขุนช้างขุนแผน #486,th
人間失格: Volume 1,ja
Hang Jebat Menderhaka #217,ms
삼대 #911,ko
呐喊 #332,zh
Layar Terkembang #967,id
소년이 온다 #1182,ko
Mga Ibong Mandaragit #287,fil
Golden Bones #1039,km
Siti Nurbaya #386,id
Dead Stars #337,fil
Jejak Langkah #383,id
西游记 #587,zh
Florante at Laura #223,fil
มัจจุราชเริงรำ #258,th
อิเหนา #1168,th
El Filibusterismo #742,fil
坊っちゃん #407,ja
Hang Jebat Menderhaka #377,ms
坊っちゃん #947,ja
Lelaki Harimau #1132,id
삼대 (2010),ko
坊っちゃん,ja
活着 #382,zh
走れメロス #718,ja
金瓶梅 #1070,zh
Cinta di Dalam Gelas #297,id
Sejarah Melayu #942,ms
Padre Faura Witness the Execution of Rizal #296,fil
1Q84 #102,ja
阿Q正传 #475,zh
Siti Nurbaya #925,ms
살인자의 기억법 #1237,ko
山月記 #119,ja
Bumi Manusia #1141,id
ขุนช้างขุนแผน #186,th
เลือดมังกร #452,th
家 #677,zh
呐喊 #932,zh
家 #257,zh
三国演义 #229,zh
Mat Jenin #1074,ms
春 #1198,zh
무정 (2008),ko
Belenggu #809,id
Jejak Langkah #963,id
雷雨 #1180,zh
彷徨 #753,zh
金瓶梅 #670,zh
走れメロス: Volume 3,ja
金瓶梅 #550,zh
水浒传 #908,zh
ABNKKBSNPLAko?! #272,fil
คำพิพากษา #643,th
The Rosales Saga - Part 5,fil
When Broken Glass Floats #787,km
Sa Mga Kuko ng Liwanag #673,fil
破戒 #231,ja
西游记 #687,zh
Negeri 5 Menara #1039,id
仮面の告白 #393,ja
Lucky Child #951,km
Ronggeng Dukuh Paruk #1050,id
Ronggeng Dukuh Paruk: Volume 5,id
Voices from S-21 #314,km
พระอภัยมณี #727,th
삼대 #1051,ko
Bumi Manusia #241,id
Negeri 5 Menara #1159,id
雷雨 #320,zh
무정 #109,ko
三国演义,zh
Luha ng Buwaya #965,fil
The Death of Vishnu #1036,km
Mga Ibong Mandaragit #347,fil
白鹿原 #805,zh
The Death of Vishnu #236,km
พระอภัยมณี #447,th
彷徨 #1093,zh
ข้าหลวง #754,th
ขุนช้างขุนแผน #526,th
May Day Eve #1240,fil
สี่แผ่นดิน #305,th
斜陽 #917,ja
Smaller and Smaller Circles #809,fil
เสือคำราม #1116,th
Hujan #360,id
Florante at Laura #1043,fil
秋 #839,zh
คนละฟากฟ้า #1113,th
Cinta di Dalam Gelas #717,id
Padre Faura Witness the Execution of Rizal #136,fil
朝花夕拾 #791,zh
Luha ng Buwaya #1005,fil
สุภาพบุรุษจุฑาเทพ #257,th
Negeri 5 Menara #179,id
In the Shadow of the Banyan #764,km
羊をめぐる冒険 #1245,ja
Florante at Laura #1083,fil
Cantik Itu Luka #751,id
Belenggu #769,id
Cantik Itu Luka #491,id
Lelaki Harimau #1212,id
เสือคำราม #176,th
채식주의자 #1201,ko
흰 #1205,ko
คนละฟากฟ้า #493,th
Voices from S-21 #894,km
Perburuan #325,id
Negeri 5 Menara #1059,id
Hang Jebat Menderhaka #1097,ms
กุหลาบป่า #750,th
Ilustrado #408,fil
Survival in the Killing Fields #1012,km
A Cambodian Prison Portrait,km
ลูกอีสาน #264,th
Salina #1086,ms
Ranjau Sepanjang Jalan #348,ms
광장 #113,ko
Kekasih Electra #453,ms
Rumah Kaca #164,id
아리랑: Volume 2,ko
西游记 #347,zh
소년이 온다 #742,ko
Tenggelamnya Kapal Van Der Wijck #1064,ms
活着 #1242,zh
舞姫 #460,ja
Mat Jenin #654,ms
Children of Cambodia's Killing Fields #909,km
จดหมายจากหมาเบื่อ #1161,th
ฟ้าใหม่ #820,th
Pulang #633,id
Cantik Itu Luka #251,id
平凡的世界 #524,zh
Bumi Manusia #301,id
ลูกอีสาน #704,th
삼대 #131,ko
The Stones Cry Out #390,km
Belenggu #389,id
"Stay Alive, My Son #705",km
吾輩は猫である #388,ja
Gapo #134,fil
Mga Kuwento ni Lola Basyang #431,fil
무정 #189,ko
When Broken Glass Floats #487,km
완득이 #199,ko
สุภาพบุรุษจุฑาเทพ #677,th
吾輩は猫である #348,ja
伊豆の踊子 #890,ja
Luha ng Buwaya #925,fil
Jejak Langkah #443,id
山月記 #1059,ja
The Rosales Saga: Volume 5,fil
Hujan #160,id
The Gate #666,km
細雪 #834,ja
Kekasih Electra #133,ms
Panglima Awang #650,ms
Florante at Laura #363,fil
Anak Mat Lela Gila #589,ms
彷徨 #93,zh
El Filibusterismo #422,fil
Atheis #1068,id
Belenggu #649,id
坊っちゃん #427,ja
Lagenda Budak Setan #535,ms
ABNKKBSNPLAko?! #612,fil
아리랑 #647,ko
Siti Nurbaya #585,ms
Panglima Awang #330,ms
ノルウェイの森 #1221,ja
秋 #239,zh
Anak Semua Bangsa #502,id
무진기행 #434,ko
Never Fall Down #683,km
仮面の告白 #133,ja
삼대 #171,ko
朝花夕拾 #411,zh
소년이 온다 #422,ko
상록수 #1150,ko
Dead Stars #437,fil
仮面の告白 #213,ja
Ranjau Sepanjang Jalan #1028,ms
Ilustrado #1068,fil
吾輩は猫である: Volume 3,ja
伊豆の踊子 #310,ja
Bamboo People #137,km
Menara #519,ms
ノルウェイの森 #1241,ja
Gadis Jolobu #300,ms
ด้วยรักและผูกพัน #842,th
子夜: Volume 1,zh
To Destroy You Is No Loss #168,km
家 #957,zh
Laskar Pelangi #114,id
Siti Nurbaya #406,id
活着 #662,zh
ชาติหน้าขอให้พบกัน #531,th
ลูกอีสาน (2003),th
A Cambodian Prison Portrait #775,km
광장 #133,ko
Bidasari #271,ms
Gapo #1114,fil
Rice and Baguette #240,km
Merpati Putih Terbang Lagi #772,ms
한강 #944,ko
The Rosales Saga #255,fil
First They Killed My Father #461,km
Mga Ibong Mandaragit #187,fil
Dekada '70 #806,fil
Banaag at Sikat #484,fil
7년의 밤 #278,ko
Bidasari #371,ms
春 #1118,zh
Ranjau Sepanjang Jalan #448,ms
Anak Mat Lela Gila #269,ms
Lagenda Budak Setan (2014),ms
광장 #273,ko
จดหมายจากหมาเบื่อ #921,th
仮面の告白 #153,ja
1Q84 #302,ja
กุหลาบป่า #990,th
Children of Cambodia's Killing Fields #1009,km
Gadis Jolobu: Volume 5,ms
The Gate #426,km
เสือคำราม #916,th
Gapo #334,fil
ノルウェイの森 #101,ja
Rumah Kaca #764,id
A Cambodian Prison Portrait #435,km
斜陽 #437,ja
Penawar Bagi Hati - Part 8,ms
흰 #825,ko
山月記 #459,ja
삼대 #991,ko
ABNKKBSNPLAko?! #732,fil
อิเหนา #908,th
Ronggeng Dukuh Paruk #750,id
舞姫 #420,ja
คำพิพากษา #783,th
태백산맥 #288,ko
Ang Paboritong Libro ni Hudas #570,fil
When Broken Glass Floats #407,km
Siti Nurbaya #166,id
ลูกอีสาน #924,th
Ayah #676,id
Anak Semua Bangsa #622,id
Hujan #420,id
围城 #943,zh
Cinta di Dalam Gelas #797,id
무정 #629,ko
살인자의 기억법 #157,ko
채식주의자 #361,ko
破戒 #931,ja
Ilustrado #508,fil
1Q84 #862,ja
Noli Me Tangere #821,fil
春 #798,zh
작별인사 #403,ko
Interlok #627,ms
The Stones Cry Out #570,km
雷雨 #600,zh
雷雨 #440,zh
走れメロス #978,ja
雪国 - Part 9,ja
Ayah #216,id
"Stay Alive, My Son #1245",km
The Death of Vishnu #876,km
토지 #1086,ko
海辺のカフカ #1203,ja
1Q84 #762,ja
人間失格 #416,ja
무진기행 #534,ko
Merpati Putih Terbang Lagi - Part 2,ms
秋 #159,zh
How My Brother Leon Brought Home a Wife #139,fil
白鹿原 #545,zh
มัจจุราชเริงรำ #638,th
Cantik Itu Luka,id
活着 #1082,zh
The Stones Cry Out #130,km
走れメロス #418,ja
ABNKKBSNPLAko?! #352,fil
Siti Nurbaya #366,id
Lucky Child #811,km
When Broken Glass Floats #987,km
金瓶梅 #970,zh
สี่แผ่นดิน #425,th
Footnote to Youth #98,fil
Padre Faura Witness the Execution of Rizal #1076,fil
태백산맥 #1128,ko
한강 #864,ko
Sang Pemimpi #1015,id
รักไม่มีสิทธิ์ #159,th
ABNKKBSNPLAko?! #1112,fil
มัจจุราชเริงรำ #98,th
채식주의자 #881,ko
คนละฟากฟ้า #1093,th
こころ #726,ja
Siti Nurbaya #1005,ms
Gadis Jolobu #880,ms
서울 1964년 겨울 #875,ko
토지 #1146,ko
吾輩は猫である #988,ja
Tenggelamnya Kapal Van Der Wijck #804,ms
무정 #229,ko
ตำนานสมเด็จพระนารายณ์ #1035,th
7년의 밤 #498,ko
ABNKKBSNPLAko?! #712,fil
こころ #186,ja
水浒传 #808,zh
風の歌を聴け #464,ja
Layar Terkembang #1167,id
Never Fall Down #343,km
細雪 #574,ja
山月記 #919,ja
How My Brother Leon Brought Home a Wife #979,fil
Padre Faura Witness the Execution of Rizal #416,fil
Perburuan (2004),id
ศรีบูรพา - Part 9,th
7년의 밤,ko
Ilustrado #1108,fil
雷雨 #420,zh
Sa Mga Kuko ng Liwanag #553,fil
Supernova #1158,id
Anak Semua Bangsa #702,id
Cinta di Dalam Gelas #977,id
A Cambodian Prison Portrait #615,km
Jejak Langkah #323,id
破戒 #1071,ja
สุภาพบุรุษจุฑาเทพ #957,th
Noli Me Tangere #1161,fil
난장이가 쏘아올린 작은 공 #312,ko
Never Fall Down #1003,km
Luha ng Buwaya #765,fil
Survival in the Killing Fields #932,km
Rumah Kaca: Volume 4,id
Siti Nurbaya #665,ms
아리랑 #987,ko
人間失格 #1216,ja
人間失格 #156,ja
Pulang #1093,id
ลูกอีสาน #1144,th
흰 #905,ko
Footnote to Youth #238,fil
Panglima Awang #570,ms
Lucky Child #551,km
Smaller and Smaller Circles #269,fil
人間失格 #296,ja
羊をめぐる冒険 #145,ja
Lagenda Budak Setan #1035,ms
The Gate #826,km
Luha ng Buwaya #645,fil
Sang Pemimpi #155,id
มัจจุราชเริงรำ #958,th
Mat Jenin #414,ms
Lagenda Budak Setan #115,ms
Banaag at Sikat #1064,fil
伊豆の踊子 #470,ja
Little Princes #878,km
Siti Nurbaya #286,id
金瓶梅 #370,zh
มัจจุราชเริงรำ #1098,th
围城 #443,zh
May Day Eve #480,fil
เสือคำราม #1236,th
คนละฟากฟ้า #593,th
Never Fall Down #1163,km
围城 #323,zh
風の歌を聴け #704,ja
Layar Terkembang #507,id
Mga Ibong Mandaragit #127,fil
คำพิพากษา #463,th
7년의 밤 #1178,ko
金閣寺 #792,ja
Mga Kuwento ni Lola Basyang #891,fil
走れメロス #1038,ja
Ang Paboritong Libro ni Hudas #310,fil
소년이 온다 #502,ko
흰 #1065,ko
Luha ng Buwaya #705,fil
Rice and Baguette - Part 10,km
สุภาพบุรุษจุฑาเทพ #497,th
Bamboo People: Volume 2,km
Lelaki Harimau #432,id
Pulang #553,id
광장 #713,ko
Gapo #894,fil
ด้วยรักและผูกพัน #762,th
จดหมายจากหมาเบื่อ #1021,th
Kekasih Electra #113,ms
海辺のカフカ #463,ja
난장이가 쏘아올린 작은 공 #1012,ko
Dekada '70 #926,fil
Dead Stars #777,fil
Ranjau Sepanjang Jalan #488,ms
ด้วยรักและผูกพัน #1162,th
春 #418,zh
人間失格 #1016,ja
Sa Mga Kuko ng Liwanag #833,fil
Cinta di Dalam Gelas #877,id
斜陽 #637,ja
朝花夕拾 #811,zh
Salina: Volume 1,ms
Merpati Putih Terbang Lagi #672,ms
7년의 밤 #458,ko
Belenggu #489,id
こころ #206,ja
"Stay Alive, My Son #425",km
狂人日记 #734,zh
Panglima Awang #370,ms
อิเหนา #888,th
Hang Jebat Menderhaka #697,ms
Rumah Kaca #444,id
Voices from S-21 #534,km
Rumah Kaca #1164,id
西游记 #87,zh
Kekasih Electra #653,ms
ฟ้าใหม่ #440,th
Hikayat Hang Tuah #621,ms
Hang Jebat Menderhaka #337,ms
ตำนานสมเด็จพระนารายณ์ (2014),th
羊をめぐる冒険 #1085,ja
斜陽 #1117,ja
ขุนช้างขุนแผน #686,th
Interlok #187,ms
Ang Paboritong Libro ni Hudas #410,fil
吾輩は猫である #748,ja
태백산맥 #548,ko
家 #97,zh
Mga Kuwento ni Lola Basyang #491,fil
El Filibusterismo #242,fil
狂人日记 #1034,zh
Bumi Manusia #401,id
살인자의 기억법 #997,ko
มัจจุราชเริงรำ #1078,th
Ranjau Sepanjang Jalan #608,ms
7년의 밤 #1038,ko
First They Killed My Father #1221,km
子夜 #436,zh
Cinta di Dalam Gelas #117,id
红楼梦 #466,zh
ชาติหน้าขอให้พบกัน #631,th
白鹿原 #105,zh
ノルウェイの森 #461,ja
태백산맥 #688,ko
Sa Mga Kuko ng Liwanag #333,fil
Children of Cambodia's Killing Fields #689,km
痴人の愛 #575,ja
Noli Me Tangere #441,fil
Perburuan #285,id
Hang Jebat Menderhaka #117,ms
雪国 #269,ja
Mga Ibong Mandaragit #567,fil
อิเหนา #1028,th
Jejak Langkah #1003,id
こころ #966,ja
ขุนช้างขุนแผน,th
破戒 #251,ja
平凡的世界 #1084,zh
围城 #223,zh
Footnote to Youth,fil
Gapo #994,fil
走れメロス #378,ja
Rumah Kaca #644,id
三国演义: Volume 4,zh
金瓶梅 #1130,zh
Menara #459,ms
In the Shadow of the Banyan #824,km
Noli Me Tangere #881,fil
雷雨 #660,zh
아리랑 #907,ko
Lagenda Budak Setan: Volume 5,ms
Ilustrado #368,fil
อิเหนา #368,th
Ranjau Sepanjang Jalan #1008,ms
흰 #1165,ko
완득이 #119,ko
吾輩は猫である #948,ja
삼대 #771,ko
삼대 #271,ko
吾輩は猫である #808,ja
Rumah Kaca #904,id
Rumah Kaca,id
상록수 #910,ko
Bamboo People #257,km
狂人日记 #714,zh
Siti Nurbaya #246,id
围城 #663,zh
Cambodia's Curse #913,km
สุภาพบุรุษจุฑาเทพ #357,th
Cambodia's Curse #353,km
The Lost Executioner #1022,km
Leftenan Adnan #636,ms
Never Fall Down #863,km
Mat Jenin #894,ms
난장이가 쏘아올린 작은 공 #332,ko
こころ #806,ja
ศรีบูรพา #829,th
จดหมายจากหมาเบื่อ,th
상록수 #1090,ko
ข้าหลวง #634,th
Negeri 5 Menara #279,id
Pulang #273,id
阿Q正传 #555,zh
围城 #1043,zh
Atheis #708,id
金瓶梅 #430,zh
金閣寺 #1152,ja
우리들의 행복한 시간 #780,ko
살인자의 기억법 #477,ko
Banaag at Sikat #1164,fil
家 #877,zh
Perburuan #1125,id
태백산맥 #928,ko
Atheis #948,id
Interlok #247,ms
May Day Eve: Volume 5,fil
Menara #559,ms
คนละฟากฟ้า #733,th
破戒 #191,ja
"Stay Alive, My Son #1185",km
Gapo #354,fil
To Destroy You Is No Loss #1248,km
The Death of Vishnu #1056,km
살인자의 기억법 #797,ko
Siti Nurbaya #965,ms
金瓶梅 #630,zh
The Lost Executioner #1122,km
ด้วยรักและผูกพัน #802,th
細雪 #214,ja
围城 #483,zh
Dead Stars #1217,fil
아리랑 #387,ko
海辺のカフカ #763,ja
Hujan #380,id
ศรีบูรพา #749,th
細雪 #1054,ja
엄마를 부탁해 #836,ko
秋 #139,zh
水浒传 #468,zh
무정 #269,ko
토지 #926,ko
こころ #426,ja
Children of Cambodia's Killing Fields #469,km
살인자의 기억법 #297,ko
To Destroy You Is No Loss #508,km
Smaller and Smaller Circles #189,fil
細雪 #794,ja
Bamboo People #1117,km
Hikayat Hang Tuah #1241,ms
Ang Paboritong Libro ni Hudas #970,fil
Lucky Child #1151,km
Merpati Putih Terbang Lagi #992,ms
平凡的世界 #544,zh
광장 #1153,ko
상록수 #870,ko
Bamboo People #417,km
活着 #842,zh
Sang Pemimpi #515,id
เลือดมังกร #252,th
阿Q正传 #935,zh
채식주의자 #1181,ko
아리랑 #1007,ko
คำพิพากษา #943,th
Lucky Child #971,km
광장 #673,ko
Atheis #448,id
1Q84 #222,ja
白鹿原 #165,zh
흰 #505,ko
秋 #1119,zh
仮面の告白 #793,ja
雪国 #1049,ja
Sang Pemimpi - Part 5,id
The Gate #126,km
Mat Jenin #294,ms
The Death of Vishnu #816,km
Laskar Pelangi #1014,id
Siti Nurbaya #385,ms
Tenggelamnya Kapal Van Der Wijck #424,ms
Negeri 5 Menara #939,id
Voices from S-21 #294,km
광장 #1113,ko
광장 #293,ko
Anak Semua Bangsa #582,id
มัจจุราชเริงรำ #298,th
Negeri 5 Menara #719,id
Children of Cambodia's Killing Fields #1209,km
ABNKKBSNPLAko?! #1132,fil
Footnote to Youth #198,fil
Ilustrado #328,fil
水浒传 #1028,zh
Ang Paboritong Libro ni Hudas #1210,fil
Penawar Bagi Hati #578,ms
活着 #922,zh
Lelaki Harimau #152,id
채식주의자 #821,ko
Cinta di Dalam Gelas #897,id
รักไม่มีสิทธิ์ #1179,th
소년이 온다 #1102,ko
Hang Jebat Menderhaka #317,ms
난장이가 쏘아올린 작은 공 #1112,ko
จดหมายจากหมาเบื่อ #941,th
Little Princes #998,km
ชาติหน้าขอให้พบกัน #911,th
채식주의자 #161,ko
Ranjau Sepanjang Jalan #408,ms
Luha ng Buwaya #1105,fil
Hang Jebat Menderhaka #657,ms
The Death of Vishnu #636,km
秋 #339,zh
吾輩は猫である #548,ja
Footnote to Youth #338,fil
무진기행 #1234,ko
人間失格 #696,ja
Luha ng Buwaya #625,fil
Survival in the Killing Fields #152,km
Salina #986,ms
The Gate #606,km
Mga Ibong Mandaragit #167,fil
Dead Stars #517,fil
Mga Ibong Mandaragit #527,fil
สุภาพบุรุษจุฑาเทพ #637,th
围城 #1163,zh
坊っちゃん #507,ja
상록수 #710,ko
家 #277,zh
완득이 #939,ko
작별인사 #743,ko
ขุนช้างขุนแผน #946,th
Penawar Bagi Hati #798,ms
こころ #466,ja
완득이 #1079,ko
Siti Nurbaya #1165,ms
7년의 밤 #1058,ko
Never Fall Down #543,km
Cantik Itu Luka - Part 1,id
Cambodia's Curse - Part 3,km
Leftenan Adnan #996,ms
家 #157,zh
围城 #263,zh
Kekasih Electra #533,ms
ด้วยรักและผูกพัน #1042,th
El Filibusterismo #1162,fil
金閣寺 #892,ja
삼대 #1111,ko
Bamboo People,km
소년이 온다 #562,ko
Dekada '70 #1006,fil
Mga Ibong Mandaragit #1107,fil
Bidasari #551,ms
Sang Pemimpi #955,id
ขุนช้างขุนแผน #766,th
Gadis Jolobu #340,ms
รักไม่มีสิทธิ์ #419,th
仮面の告白 #513,ja
Ilustrado #1248,fil
Lucky Child #451,km
ชาติหน้าขอให้พบกัน,th
ศรีบูรพา #949,th
Supernova #938,id
Kekasih Electra #733,ms
아리랑 #1107,ko
Anak Semua Bangsa #922,id
The Rosales Saga #1155,fil
Ang Paboritong Libro ni Hudas #750,fil
西游记 #127,zh
Bumi Manusia #541,id
มัจจุราชเริงรำ #1018,th
Hang Jebat Menderhaka #537,ms
围城 (2002),zh
Penawar Bagi Hati #118,ms
Noli Me Tangere #861,fil
1Q84 #1102,ja
무정,ko
Never Fall Down #443,km
金瓶梅 #290,zh
Anak Mat Lela Gila #529,ms
Sa Mga Kuko ng Liwanag #1133,fil
狂人日记 #94,zh
Hujan #1140,id
ลูกอีสาน #784,th
斜陽 #377,ja
Little Princes #98,km
Smaller and Smaller Circles #249,fil
斜陽 #1037,ja
완득이 #419,ko
เลือดมังกร #1092,th
Cinta di Dalam Gelas #1097,id
작별인사 #123,ko
In the Shadow of the Banyan #164,km
엄마를 부탁해 #876,ko
รักไม่มีสิทธิ์ #879,th
Siti Nurbaya #346,id
Rice and Baguette #1100,km
กุหลาบป่า #1210,th
Negeri 5 Menara #559,id
Rice and Baguette #220,km
Little Princes #1198,km
红楼梦 (2005),zh
ขุนช้างขุนแผน #506,th
Mga Ibong Mandaragit #227,fil
First They Killed My Father #341,km
คำพิพากษา #763,th
상록수 #370,ko
Supernova #318,id
ตำนานสมเด็จพระนารายณ์ #755,th
รักไม่มีสิทธิ์ #759,th
吾輩は猫である #1028,ja
삼대 #211,ko
Leftenan Adnan #896,ms
When Broken Glass Floats #367,km
活着 #822,zh
When Broken Glass Floats (2006),km
Sejarah Melayu #742,ms
朝花夕拾 #151,zh
เลือดมังกร #312,th
태백산맥 (2007),ko
舞姫 #160,ja
Tenggelamnya Kapal Van Der Wijck #324,ms
家 #1097,zh
Sang Pemimpi #275,id
Perburuan #685,id
ノルウェイの森 #841,ja
伊豆の踊子 #570,ja
토지 #866,ko
난장이가 쏘아올린 작은 공 #452,ko
กุหลาบป่า #1030,th
細雪 #814,ja
Laskar Pelangi #354,id
Florante at Laura #743,fil
In the Shadow of the Banyan #1124,km
A Cambodian Prison Portrait #1035,km
彷徨 #553,zh
ฟ้าใหม่ (2019),th
1Q84 #882,ja
ศรีบูรพา #689,th
Layar Terkembang #727,id
ด้วยรักและผูกพัน #1122,th
흰 #545,ko
สุภาพบุรุษจุฑาเทพ #1177,th
ขุนช้างขุนแผน #986,th
Hujan #660,id
Ronggeng Dukuh Paruk #1090,id
The Rosales Saga #955,fil
엄마를 부탁해 (2015),ko
Sejarah Melayu #822,ms
Anak Semua Bangsa #362,id
삼대 #1151,ko
围城 #743,zh
The Death of Vishnu #316,km
子夜 #556,zh
How My Brother Leon Brought Home a Wife #119,fil
海辺のカフカ #663,ja
Anak Mat Lela Gila #229,ms
광장 #373,ko
Kekasih Electra #473,ms
彷徨 #433,zh
風の歌を聴け #984,ja
To Destroy You Is No Loss #808,km
กุหลาบป่า #830,th
水浒传 #888,zh
Jejak Langkah #1063,id
소년이 온다 #982,ko
The Gate #386,km
ด้วยรักและผูกพัน #102,th
ชาติหน้าขอให้พบกัน #771,th
Gapo #394,fil
細雪 #134,ja
Ilustrado,fil
Lelaki Harimau #352,id
엄마를 부탁해 #116,ko
ลูกอีสาน #724,th
Noli Me Tangere #921,fil
Florante at Laura #963,fil
Bamboo People #897,km
How My Brother Leon Brought Home a Wife #199,fil
Sejarah Melayu #162,ms
Little Princes #838,km
Siti Nurbaya #705,ms
Sa Mga Kuko ng Liwanag #233,fil
Anak Mat Lela Gila #969,ms
Golden Bones #1199,km
伊豆の踊子 #870,ja
The Lost Executioner #542,km
채식주의자 #1021,ko
First They Killed My Father #1241,km
Sulalat al-Salatin #783,ms
In the Shadow of the Banyan #184,km
Pulang #933,id
Supernova #398,id
Merpati Putih Terbang Lagi #832,ms
아리랑 #947,ko
Perburuan #645,id
Anak Semua Bangsa #1002,id
Never Fall Down #563,km
กุหลาบป่า #550,th
白鹿原 #785,zh
First They Killed My Father #241,km
Merpati Putih Terbang Lagi #532,ms
Negeri 5 Menara #519,id
ชาติหน้าขอให้พบกัน #891,th
Mga Kuwento ni Lola Basyang #711,fil
舞姫 #540,ja
The Death of Vishnu #976,km
May Day Eve #560,fil
Sejarah Melayu #1162,ms
ศรีบูรพา #429,th
秋 #399,zh
The Lost Executioner #762,km
May Day Eve #1160,fil
ข้าหลวง #954,th
7년의 밤 #718,ko
走れメロス #318,ja
舞姫 #1180,ja
Ayah #116,id
난장이가 쏘아올린 작은 공 #812,ko
Noli Me Tangere #221,fil
朝花夕拾 #851,zh
คนละฟากฟ้า #613,th
雷雨 #800,zh
伊豆の踊子 #550,ja
Padre Faura Witness the Execution of Rizal #776,fil
細雪 #434,ja
สี่แผ่นดิน #905,th
Siti Nurbaya #586,id
舞姫 #940,ja
1Q84 #482,ja
Ranjau Sepanjang Jalan #948,ms
白鹿原,zh
The Rosales Saga #875,fil
三国演义 #529,zh
Sa Mga Kuko ng Liwanag #993,fil
吾輩は猫である #368,ja
ข้าหลวง #594,th
Luha ng Buwaya #1165,fil
완득이 #819,ko
7년의 밤 #838,ko
완득이 #639,ko
Golden Bones #299,km
Kekasih Electra #1013,ms
Leftenan Adnan #416,ms
Ilustrado #428,fil
Ang Paboritong Libro ni Hudas #190,fil
破戒,ja
작별인사 #1143,ko
Golden Bones #1059,km
Sejarah Melayu #462,ms
春 #838,zh
細雪 #974,ja
海辺のカフカ #783,ja
こころ - Part 6,ja
三国演义 #769,zh
เลือดมังกร #872,th
Lelaki Harimau #132,id
平凡的世界 #764,zh
완득이 #1159,ko
Ilustrado #1048,fil
狂人日记 #1214,zh
จดหมายจากหมาเบื่อ #721,th
มัจจุราชเริงรำ #438,th
Sejarah Melayu #1022,ms
Leftenan Adnan #1136,ms
西游记 #527,zh
Hikayat Hang Tuah #781,ms
春 #958,zh
무정 #1169,ko
El Filibusterismo #1242,fil
Negeri 5 Menara #1079,id
ข้าหลวง #134,th
家 #397,zh
The Stones Cry Out #710,km
Gadis Jolobu #1160,ms
海辺のカフカ: Volume 3,ja
Panglima Awang #630,ms
雪国 #149,ja
ศรีบูรพา #929,th
Noli Me Tangere #1221,fil
Tenggelamnya Kapal Van Der Wijck #264,ms
山月記 #699,ja
소년이 온다 #142,ko
細雪,ja
Jejak Langkah #943,id
Belenggu #609,id
Atheis #528,id
西游记 #827,zh
Lelaki Harimau #412,id
Siti Nurbaya #825,ms
Bumi Manusia #81,id
Pulang,id
คนละฟากฟ้า #473,th
Bamboo People #397,km
Cinta di Dalam Gelas #277,id
흰 #745,ko
Sang Pemimpi #495,id
When Broken Glass Floats #1007,km
Hang Jebat Menderhaka #617,ms
Layar Terkembang #907,id
斜陽 #897,ja
Cambodia's Curse #313,km
白鹿原 #145,zh
Never Fall Down #743,km
Mga Ibong Mandaragit #1087,fil
Mat Jenin #974,ms
난장이가 쏘아올린 작은 공 #1072,ko
A Cambodian Prison Portrait #895,km
こころ #686,ja
Bidasari #291,ms
무정 #409,ko
彷徨 #733,zh
작별인사 - Part 3,ko
Merpati Putih Terbang Lagi #572,ms
กุหลาบป่า #850,th
The Death of Vishnu #176,km
ด้วยรักและผูกพัน #982,th
Ang Paboritong Libro ni Hudas #590,fil
สุภาพบุรุษจุฑาเทพ #1117,th
The Lost Executioner #282,km
살인자의 기억법 #817,ko
7년의 밤 #198,ko
Negeri 5 Menara - Part 9,id
坊っちゃん #127,ja
Smaller and Smaller Circles #429,fil
พระอภัยมณี #707,th
จดหมายจากหมาเบื่อ #201,th
광장 #253,ko
Negeri 5 Menara #999,id
Golden Bones #879,km
소년이 온다 #222,ko
The Stones Cry Out #210,km
Cantik Itu Luka #171,id
Sulalat al-Salatin #283,ms
ด้วยรักและผูกพัน #862,th
坊っちゃん #267,ja
Ang Paboritong Libro ni Hudas #1170,fil
坊っちゃん #1147,ja
こころ #1186,ja
Supernova #358,id
Mga Ibong Mandaragit #847,fil
Ayah #536,id
Rumah Kaca #1004,id
มัจจุราชเริงรำ: Volume 3,th
In the Shadow of the Banyan #224,km
秋 #599,zh
坊っちゃん #387,ja
The Death of Vishnu #796,km
อิเหนา #948,th
When Broken Glass Floats #907,km
Gapo #614,fil
작별인사 #923,ko
มัจจุราชเริงรำ #558,th
엄마를 부탁해 #756,ko
Gapo #174,fil
西游记 #287,zh
한강 #684,ko
Lagenda Budak Setan #655,ms
Ronggeng Dukuh Paruk #770,id
阿Q正传 #415,zh
金閣寺 - Part 2,ja
Padre Faura Witness the Execution of Rizal #496,fil
Rumah Kaca #224,id
Bidasari #251,ms
舞姫 #1200,ja
The Stones Cry Out #1010,km
소년이 온다 #1022,ko
กุหลาบป่า #190,th
朝花夕拾 #731,zh
한강 - Part 4,ko
彷徨 #833,zh
Ang Paboritong Libro ni Hudas #90,fil
Gadis Jolobu #480,ms
El Filibusterismo #862,fil
雷雨: Volume 5,zh
Lucky Child,km
완득이 #1139,ko
伊豆の踊子 #730,ja
คำพิพากษา #563,th
คำพิพากษา #1063,th
Footnote to Youth #838,fil
斜陽 #1077,ja
엄마를 부탁해 #156,ko
Bidasari #411,ms
First They Killed My Father #261,km
Sang Pemimpi #1155,id
Hikayat Hang Tuah #1201,ms
The Rosales Saga #735,fil
The Stones Cry Out #330,km
한강 #904,ko
สี่แผ่นดิน #385,th
ข้าหลวง #1134,th
난장이가 쏘아올린 작은 공 #392,ko
Never Fall Down #923,km
破戒 #1051,ja
Gadis Jolobu #1000,ms
7년의 밤 #578,ko
How My Brother Leon Brought Home a Wife #299,fil
Cambodia's Curse #593,km
Bidasari #1191,ms
상록수 #1170,ko
우리들의 행복한 시간 #800,ko
金瓶梅 #1090,zh
Jejak Langkah #903,id
The Stones Cry Out #670,km
The Lost Executioner #1102,km
태백산맥 #388,ko
Leftenan Adnan #1216,ms
Laskar Pelangi #1034,id
三国演义 #349,zh
สี่แผ่นดิน #1205,th
Merpati Putih Terbang Lagi #952,ms
破戒 (2010),ja
Layar Terkembang #287,id
ตำนานสมเด็จพระนารายณ์ #835,th
Mat Jenin #1174,ms
雪国 #129,ja
Panglima Awang #430,ms
May Day Eve #920,fil
May Day Eve #700,fil
Mga Ibong Mandaragit: Volume 2,fil
坊っちゃん #887,ja
Tenggelamnya Kapal Van Der Wijck #384,ms
Cinta di Dalam Gelas #477,id
토지 #1026,ko
태백산맥 #1168,ko
破戒 #271,ja
Sejarah Melayu #602,ms
Cantik Itu Luka #931,id
สี่แผ่นดิน #765,th
The Death of Vishnu #116,km
Panglima Awang #270,ms
Cambodia's Curse #453,km
Florante at Laura #183,fil
Sulalat al-Salatin #203,ms
ノルウェイの森 #121,ja
Children of Cambodia's Killing Fields #309,km
우리들의 행복한 시간 #220,ko
雪国,ja
The Stones Cry Out #510,km
รักไม่มีสิทธิ์ #1059,th
走れメロス #998,ja
Children of Cambodia's Killing Fields #569,km
海辺のカフカ #103,ja
ชาติหน้าขอให้พบกัน #971,th
秋 #459,zh
舞姫 #1020,ja
Ronggeng Dukuh Paruk #910,id
소년이 온다 #242,ko
난장이가 쏘아올린 작은 공 #532,ko
Belenggu #309,id
Ronggeng Dukuh Paruk #190,id
三体 #101,zh
Golden Bones #1239,km
รักไม่มีสิทธิ์ #919,th
"Stay Alive, My Son #265",km
Jejak Langkah #143,id
Gadis Jolobu #940,ms
Bamboo People #157,km
Luha ng Buwaya #425,fil
Jejak Langkah #503,id
Mga Kuwento ni Lola Basyang: Volume 1,fil
คำพิพากษา #803,th
朝花夕拾 #1051,zh
The Lost Executioner #582,km
金閣寺 #1132,ja
Mga Ibong Mandaragit #307,fil
三国演义 #689,zh
To Destroy You Is No Loss #528,km
พระอภัยมณี #767,th
Children of Cambodia's Killing Fields #729,km
Salina #606,ms
Penawar Bagi Hati #1058,ms
羊をめぐる冒険 #805,ja
Laskar Pelangi #674,id
Bidasari #1211,ms
Golden Bones #839,km
風の歌を聴け #344,ja
Cambodia's Curse #293,km
Lagenda Budak Setan #275,ms
ด้วยรักและผูกพัน #162,th
舞姫 #240,ja
雷雨 #1080,zh
Dead Stars #717,fil
秋 #739,zh
흰 #785,ko
人間失格 #956,ja
金閣寺 #1232,ja
Children of Cambodia's Killing Fields #509,km
How My Brother Leon Brought Home a Wife #279,fil
雪国 #1089,ja
雪国 #109,ja
무진기행 #354,ko
細雪 #374,ja
난장이가 쏘아올린 작은 공 #292,ko
무정 #869,ko
Padre Faura Witness the Execution of Rizal - Part 6,fil
상록수 #990,ko
상록수 #390,ko
Golden Bones #99,km
Laskar Pelangi - Part 4,id
토지 #86,ko
Kekasih Electra #773,ms
Laskar Pelangi (2013),id
雪国 #249,ja
엄마를 부탁해 #1236,ko
소년이 온다 #782,ko
ขุนช้างขุนแผน #426,th
走れメロス #1178,ja
Sulalat al-Salatin #443,ms
มัจจุราชเริงรำ #518,th
A Cambodian Prison Portrait #995,km
人間失格 #936,ja
走れメロス #1218,ja
Anak Mat Lela Gila #1089,ms
Atheis #88,id
The Lost Executioner #422,km
พระอภัยมณี #947,th
活着 #622,zh
Mga Kuwento ni Lola Basyang #91,fil
Gapo #474,fil
Noli Me Tangere #181,fil
Bumi Manusia #801,id
Ang Paboritong Libro ni Hudas,fil
Interlok #1207,ms
Merpati Putih Terbang Lagi #292,ms
羊をめぐる冒険 - Part 5,ja
Lelaki Harimau (2011),id
May Day Eve #800,fil
Cantik Itu Luka: Volume 1,id
Hang Jebat Menderhaka #1017,ms
Dead Stars - Part 7,fil
山月記 #1179,ja
The Stones Cry Out #90,km
痴人の愛 (2014),ja
The Rosales Saga #295,fil
春 #998,zh
The Lost Executioner #882,km
Cambodia's Curse #1233,km
In the Shadow of the Banyan #384,km
秋 #439,zh
子夜 #856,zh
To Destroy You Is No Loss #408,km
Kekasih Electra #173,ms
伊豆の踊子 #1050,ja
Lucky Child #631,km
อิเหนา #1148,th
สี่แผ่นดิน #685,th
Rice and Baguette #1180,km
คนละฟากฟ้า #1073,th
무진기행 #1194,ko
7년의 밤 #418,ko
围城 #843,zh
破戒 #531,ja
토지 #606,ko
Noli Me Tangere #501,fil
มัจจุราชเริงรำ #718,th
Layar Terkembang #827,id
Salina #186,ms
阿Q正传 #915,zh
Leftenan Adnan #616,ms
家 #417,zh
仮面の告白 #673,ja
A Cambodian Prison Portrait #955,km
Luha ng Buwaya (2004),fil
Hikayat Hang Tuah #681,ms
ฟ้าใหม่ #480,th
ชาติหน้าขอให้พบกัน #511,th
Siti Nurbaya #86,id
ABNKKBSNPLAko?! #372,fil
우리들의 행복한 시간 #680,ko
엄마를 부탁해 #356,ko
Sejarah Melayu #262,ms
Anak Mat Lela Gila #809,ms
雪国 #1229,ja
Menara #1179,ms
คนละฟากฟ้า - Part 3,th
風の歌を聴け #364,ja
Panglima Awang #490,ms
광장 #933,ko
Little Princes #238,km
To Destroy You Is No Loss #568,km
คำพิพากษา #743,th
Sa Mga Kuko ng Liwanag #213,fil
작별인사 #223,ko
活着 #702,zh
阿Q正传 #1215,zh
ตำนานสมเด็จพระนารายณ์ #555,th
Dead Stars #537,fil
風の歌を聴け #84,ja
Atheis #648,id
한강 #724,ko
Bumi Manusia #681,id
細雪 #914,ja
작별인사 #1203,ko
소년이 온다 #82,ko
Anak Mat Lela Gila #1109,ms
서울 1964년 겨울 #215,ko
Hang Jebat Menderhaka #497,ms
"Stay Alive, My Son #665",km
First They Killed My Father #321,km
ข้าหลวง #274,th
Mga Kuwento ni Lola Basyang #1111,fil
三国演义 #929,zh
Padre Faura Witness the Execution of Rizal (2015),fil
태백산맥 #1048,ko
Panglima Awang #130,ms
The Gate #326,km
Hang Jebat Menderhaka (2016),ms
Lucky Child #91,km
Ang Paboritong Libro ni Hudas #1190,fil
Panglima Awang #1250,ms
Sang Pemimpi #795,id
子夜 #496,zh
斜陽 #977,ja
Florante at Laura #783,fil
雪国 #829,ja
家 #317,zh
人間失格 #576,ja
Children of Cambodia's Killing Fields #109,km
Noli Me Tangere #561,fil
Mga Ibong Mandaragit #627,fil
红楼梦 #506,zh
ขุนช้างขุนแผน #666,th
Jejak Langkah #1143,id
西游记 #107,zh
우리들의 행복한 시간 #580,ko
Tenggelamnya Kapal Van Der Wijck #1204,ms
살인자의 기억법 #597,ko
Rice and Baguette #960,km
El Filibusterismo #582,fil
ชาติหน้าขอให้พบกัน #391,th
坊っちゃん #567,ja
Gapo (2013),fil
細雪: Volume 4,ja
Ranjau Sepanjang Jalan #1148,ms
活着 #282,zh
海辺のカフカ #683,ja
Rumah Kaca #84,id
Anak Semua Bangsa #762,id
Ronggeng Dukuh Paruk #690,id
Padre Faura Witness the Execution of Rizal #796,fil
破戒 #291,ja
西游记 #767,zh
คำพิพากษา #343,th
작별인사 #303,ko
채식주의자 #1101,ko
ศรีบูรพา #1169,th
Voices from S-21 - Part 4,km
春 #298,zh
羊をめぐる冒険 #225,ja
ด้วยรักและผูกพัน #262,th
羊をめぐる冒険 #445,ja
1Q84 #702,ja
Dead Stars #497,fil
Noli Me Tangere #681,fil
Luha ng Buwaya #905,fil
Supernova #598,id
三国演义 #1069,zh
Rumah Kaca #1204,id
Florante at Laura #863,fil
สี่แผ่นดิน #205,th
Gapo - Part 4,fil
Rice and Baguette #720,km
彷徨 #493,zh
ศรีบูรพา #229,th
Never Fall Down #183,km
우리들의 행복한 시간 #600,ko
水浒传 #488,zh
เสือคำราม #336,th
三国演义 #609,zh
Kekasih Electra #373,ms
Dekada '70 #386,fil
ฟ้าใหม่ #1220,th
In the Shadow of the Banyan #664,km
คำพิพากษา #523,th
เสือคำราม #756,th
"Stay Alive, My Son #985",km
When Broken Glass Floats #727,km
Tenggelamnya Kapal Van Der Wijck #144,ms
소년이 온다 #622,ko
The Death of Vishnu #1236,km
El Filibusterismo: Volume 2,fil
เสือคำราม #436,th
Anak Semua Bangsa #1062,id
Hikayat Hang Tuah #241,ms
The Stones Cry Out #270,km
Ayah #736,id
Smaller and Smaller Circles #1149,fil
Dekada '70 #1026,fil
Cantik Itu Luka #551,id
家 #557,zh
Padre Faura Witness the Execution of Rizal,fil
红楼梦 #1146,zh
난장이가 쏘아올린 작은 공 #572,ko
ฟ้าใหม่ #640,th
朝花夕拾 #671,zh
平凡的世界 #904,zh
Survival in the Killing Fields #632,km
Salina #846,ms
Gadis Jolobu #680,ms
Negeri 5 Menara #539,id
Interlok #1147,ms
Rumah Kaca #564,id
狂人日记 #1194,zh
Negeri 5 Menara #759,id
Panglima Awang #150,ms
엄마를 부탁해 #496,ko
เลือดมังกร #752,th
ノルウェイの森 #81,ja
山月記 #1239,ja
Survival in the Killing Fields #812,km
ชาติหน้าขอให้พบกัน #471,th
阿Q正传 #1015,zh
家 #477,zh
春 #1138,zh
May Day Eve #840,fil
A Cambodian Prison Portrait #335,km
ノルウェイの森 #221,ja
Jejak Langkah #1123,id
春 #638,zh
한강 #764,ko
흰 #1245,ko
Cantik Itu Luka #731,id
จดหมายจากหมาเบื่อ #901,th
The Gate #1046,km
Ayah #836,id
朝花夕拾 #271,zh
รักไม่มีสิทธิ์ #319,th
Children of Cambodia's Killing Fields #89,km
Merpati Putih Terbang Lagi #612,ms
Cantik Itu Luka #1071,id
Layar Terkembang #667,id
Dekada '70 #206,fil
Atheis #348,id
Ranjau Sepanjang Jalan #848,ms
Hikayat Hang Tuah: Volume 1,ms
The Rosales Saga #555,fil
斜陽 #697,ja
Cantik Itu Luka #571,id
痴人の愛 #455,ja
Sa Mga Kuko ng Liwanag #533,fil
Belenggu #249,id
Rice and Baguette #1020,km
May Day Eve #200,fil
Hang Jebat Menderhaka #777,ms
1Q84 #162,ja
Siti Nurbaya #785,ms
吾輩は猫である #628,ja
สี่แผ่นดิน #125,th
走れメロス #598,ja
Rumah Kaca #504,id
The Lost Executioner #1142,km
Smaller and Smaller Circles #869,fil
Ronggeng Dukuh Paruk #610,id
Sulalat al-Salatin,ms
ศรีบูรพา #989,th
Mga Ibong Mandaragit #607,fil
Hikayat Hang Tuah #941,ms
人間失格 #716,ja
Bidasari #1031,ms
Tenggelamnya Kapal Van Der Wijck #244,ms
白鹿原 #405,zh
สุภาพบุรุษจุฑาเทพ #1037,th
태백산맥 #428,ko
Sulalat al-Salatin #643,ms
"Stay Alive, My Son #745",km
Mga Kuwento ni Lola Basyang #1051,fil
소년이 온다 #582,ko
The Gate #566,km
Siti Nurbaya,id
Children of Cambodia's Killing Fields #849,km
Lelaki Harimau #952,id
The Lost Executioner #342,km
活着,zh
ขุนช้างขุนแผน #586,th
三国演义 #549,zh
The Gate #1146,km
人間失格 #776,ja
상록수 #130,ko
Pulang #673,id
Leftenan Adnan #436,ms
走れメロス #958,ja
채식주의자 #1121,ko
ลูกอีสาน #804,th
子夜 #816,zh
The Lost Executioner #242,km
吾輩は猫である #1228,ja
Laskar Pelangi #414,id
무진기행 #694,ko
Ranjau Sepanjang Jalan #808,ms
人間失格 #1156,ja
Bumi Manusia,id
Bamboo People #817,km
Golden Bones #1159,km
한강 #1184,ko
In the Shadow of the Banyan #704,km
雷雨 #360,zh
Ayah #876,id
Banaag at Sikat #564,fil
한강 #704,ko
삼대 #1131,ko
彷徨 #653,zh
阿Q正传 - Part 5,zh
伊豆の踊子 #790,ja
活着 #502,zh
海辺のカフカ #1143,ja
羊をめぐる冒険 #685,ja
秋 #1019,zh
Lelaki Harimau #1152,id
Laskar Pelangi #474,id
雪国 #329,ja
三国演义 #129,zh
走れメロス #158,ja
상록수: Volume 5,ko
Bidasari #1131,ms
Layar Terkembang #1127,id
มัจจุราชเริงรำ #738,th
Smaller and Smaller Circles #989,fil
Gapo #674,fil
상록수 #170,ko
난장이가 쏘아올린 작은 공 #212,ko
Florante at Laura #483,fil
상록수 - Part 10,ko
朝花夕拾,zh
Banaag at Sikat #784,fil
Negeri 5 Menara #699,id
광장 #213,ko
How My Brother Leon Brought Home a Wife #499,fil
"Stay Alive, My Son #205",km
白鹿原 #905,zh
風の歌を聴け #1064,ja
รักไม่มีสิทธิ์ #519,th
Smaller and Smaller Circles #1169,fil
三体 #661,zh
痴人の愛 #895,ja
三体 #481,zh
Jejak Langkah #863,id
คำพิพากษา #383,th
水浒传 #1008,zh
Kekasih Electra #1073,ms
ขุนช้างขุนแผน #106,th
Siti Nurbaya #566,id
Laskar Pelangi #814,id
細雪 (2013),ja
In the Shadow of the Banyan #84,km
破戒 #431,ja
Padre Faura Witness the Execution of Rizal #616,fil
ขุนช้างขุนแผน #566,th
"Stay Alive, My Son #1145",km
Padre Faura Witness the Execution of Rizal #216,fil
Cambodia's Curse #193,km
The Gate #226,km
Anak Mat Lela Gila #149,ms
Padre Faura Witness the Execution of Rizal #936,fil
The Gate #906,km
To Destroy You Is No Loss #1028,km
狂人日记 #794,zh
斜陽 #1237,ja
The Rosales Saga #115,fil
朝花夕拾 #1131,zh
ลูกอีสาน #904,th
Mat Jenin #874,ms
围城 #863,zh
Menara #199,ms
走れメロス #1078,ja
Laskar Pelangi #1174,id
破戒 #711,ja
Gadis Jolobu #960,ms
삼대 #491,ko
Sang Pemimpi #995,id
ศรีบูรพา #1229,th
รักไม่มีสิทธิ์ #299,th
Merpati Putih Terbang Lagi #352,ms
ตำนานสมเด็จพระนารายณ์ #1175,th
"Stay Alive, My Son (2004)",km
When Broken Glass Floats #507,km
三体 #401,zh
Supernova #978,id
กุหลาบป่า #730,th
광장 #853,ko
คนละฟากฟ้า #993,th
Dekada '70 #886,fil
阿Q正传 #1115,zh
細雪 - Part 4,ja
Ayah #96,id
彷徨 (2012),zh
西游记 #267,zh
破戒 #631,ja
こころ #586,ja
Luha ng Buwaya #565,fil
Layar Terkembang #787,id
ノルウェイの森 #1001,ja
金閣寺 #812,ja
คนละฟากฟ้า #133,th
Perburuan #1165,id
金瓶梅 #610,zh
狂人日记 #174,zh
山月記 #219,ja
活着 #1202,zh
무진기행 #1134,ko
Padre Faura Witness the Execution of Rizal #576,fil
Anak Semua Bangsa #202,id
Rice and Baguette #620,km
Tenggelamnya Kapal Van Der Wijck #104,ms
Jejak Langkah #463,id
Leftenan Adnan #876,ms
Supernova #718,id
ตำนานสมเด็จพระนารายณ์ #415,th
Sa Mga Kuko ng Liwanag: Volume 3,fil
1Q84 #1202,ja
Supernova #1018,id
舞姫 #900,ja
Negeri 5 Menara #1099,id
삼대 #291,ko
무진기행 #1054,ko
Salina #686,ms
Belenggu #869,id
Little Princes #1098,km
Tenggelamnya Kapal Van Der Wijck #704,ms
伊豆の踊子 #150,ja
완득이 #539,ko
A Cambodian Prison Portrait #795,km
Salina #1146,ms
坊っちゃん #487,ja
서울 1964년 겨울 #655,ko
To Destroy You Is No Loss #228,km
우리들의 행복한 시간 #500,ko
흰 #705,ko
呐喊 #552,zh
子夜 #136,zh
อิเหนา #508,th
Salina #1166,ms
พระอภัยมณี #307,th
西游记 #747,zh
토지 #886,ko
Rice and Baguette #740,km
仮面の告白 #473,ja
破戒 #1031,ja
Bumi Manusia #741,id
토지 #406,ko
무진기행 - Part 4,ko
三国演义 #149,zh
우리들의 행복한 시간 #700,ko
완득이 #579,ko
จดหมายจากหมาเบื่อ #421,th
Atheis #568,id
1Q84 (2001),ja
태백산맥 #1088,ko
雷雨 #1200,zh
西游记,zh
The Stones Cry Out - Part 10,km
阿Q正传 #815,zh
金瓶梅 #890,zh
白鹿原 #425,zh
Pulang #513,id
The Lost Executioner #502,km
พระอภัยมณี #627,th
삼대 #931,ko
엄마를 부탁해 #816,ko
Padre Faura Witness the Execution of Rizal #1056,fil
Cantik Itu Luka #831,id
Sa Mga Kuko ng Liwanag #453,fil
Lelaki Harimau #192,id
소년이 온다 #1122,ko
水浒传 #1228,zh
Lelaki Harimau #992,id
Sang Pemimpi #235,id
Atheis #928,id
난장이가 쏘아올린 작은 공 #1172,ko
อิเหนา #388,th
Survival in the Killing Fields #672,km
Children of Cambodia's Killing Fields #749,km
ด้วยรักและผูกพัน #782,th
엄마를 부탁해 #856,ko
平凡的世界 #1024,zh
엄마를 부탁해 #316,ko
Bamboo People #97,km
Footnote to Youth #918,fil
ฟ้าใหม่ #720,th
Layar Terkembang #647,id
삼대 #551,ko
Hang Jebat Menderhaka #797,ms
ขุนช้างขุนแผน #366,th
Menara #1159,ms
Rice and Baguette #660,km
Lucky Child #251,km
Bidasari #451,ms
In the Shadow of the Banyan #424,km
三体 #181,zh
Ranjau Sepanjang Jalan #328,ms
斜陽 #577,ja
Bumi Manusia: Volume 1,id
Cantik Itu Luka #911,id
Bidasari #151,ms
ノルウェイの森 #861,ja
Rumah Kaca - Part 4,id
สุภาพบุรุษจุฑาเทพ #837,th
상록수 #290,ko
Mga Kuwento ni Lola Basyang #451,fil
呐喊 (2011),zh
朝花夕拾 #91,zh
子夜 #1196,zh
伊豆の踊子 #250,ja
Voices from S-21 #574,km
Sejarah Melayu #642,ms
아리랑 #827,ko
Survival in the Killing Fields #1132,km
Bamboo People #1157,km
Menara #379,ms
Ang Paboritong Libro ni Hudas #170,fil
Anak Mat Lela Gila - Part 9,ms
สี่แผ่นดิน #625,th
ด้วยรักและผูกพัน #1222,th
細雪 #174,ja
舞姫 #1240,ja
Bumi Manusia #1121,id
กุหลาบป่า #250,th
彷徨 #193,zh
Voices from S-21 #254,km
흰 #1085,ko
風の歌を聴け #1204,ja
Ayah #716,id
태백산맥 #968,ko
Layar Terkembang #887,id
子夜 #576,zh
Mga Kuwento ni Lola Basyang #651,fil
สุภาพบุรุษจุฑาเทพ #397,th
Children of Cambodia's Killing Fields #949,km
Tenggelamnya Kapal Van Der Wijck #1164,ms
Kekasih Electra #433,ms
1Q84 #342,ja
春 #758,zh
완득이 #699,ko
坊っちゃん #1187,ja
平凡的世界 #324,zh
家 #517,zh
서울 1964년 겨울 #475,ko
Mga Ibong Mandaragit #147,fil
破戒 #951,ja
Never Fall Down #383,km
Hang Jebat Menderhaka #1077,ms
난장이가 쏘아올린 작은 공 #492,ko
1Q84 #202,ja
Rumah Kaca #284,id
破戒 #1111,ja
흰,ko
Penawar Bagi Hati #998,ms
舞姫,ja
Atheis #188,id
風の歌を聴け #584,ja
Ayah #1116,id
엄마를 부탁해 #436,ko
Merpati Putih Terbang Lagi #732,ms
태백산맥 #208,ko
平凡的世界 #364,zh
Mga Kuwento ni Lola Basyang #1071,fil
三体 #981,zh
Laskar Pelangi #514,id
ข้าหลวง #214,th
ด้วยรักและผูกพัน #702,th
Menara #1019,ms
คนละฟากฟ้า,th
7년의 밤 #618,ko
จดหมายจากหมาเบื่อ #521,th
Interlok #287,ms
Lagenda Budak Setan #395,ms
When Broken Glass Floats #347,km
아리랑 #1087,ko
Children of Cambodia's Killing Fields #209,km
Luha ng Buwaya #365,fil
Merpati Putih Terbang Lagi #172,ms
우리들의 행복한 시간 #120,ko
Ang Paboritong Libro ni Hudas #910,fil
Merpati Putih Terbang Lagi #652,ms
Anak Semua Bangsa #242,id
Mga Ibong Mandaragit #1247,fil
เลือดมังกร #1232,th
細雪 #994,ja
Sulalat al-Salatin #523,ms
Merpati Putih Terbang Lagi #1132,ms
คำพิพากษา #323,th
채식주의자 #761,ko
Footnote to Youth #1078,fil
人間失格 #136,ja
人間失格 #1076,ja
Hikayat Hang Tuah #181,ms
จดหมายจากหมาเบื่อ #561,th
완득이 #499,ko
坊っちゃん #767,ja
活着 #582,zh
三体 #1121,zh
Panglima Awang #910,ms
伊豆の踊子 #850,ja
Voices from S-21 #1174,km
Lagenda Budak Setan #235,ms
무진기행 #774,ko
삼대 #351,ko
The Lost Executioner #202,km
Mat Jenin #494,ms
阿Q正传 #435,zh
風の歌を聴け #684,ja
Bumi Manusia #861,id
红楼梦 #406,zh
白鹿原 #205,zh
Laskar Pelangi: Volume 4,id
Sulalat al-Salatin #503,ms
Salina #906,ms
채식주의자 #241,ko
Golden Bones #939,km
家 (2016),zh
Voices from S-21 #474,km
水浒传 #708,zh
Ronggeng Dukuh Paruk #410,id
When Broken Glass Floats #1127,km
ด้วยรักและผูกพัน #1022,th
The Gate #786,km
雪国 #929,ja
"Stay Alive, My Son #925",km
상록수 #570,ko
人間失格 #756,ja
Ilustrado #608,fil
Banaag at Sikat #384,fil
รักไม่มีสิทธิ์ #99,th
Penawar Bagi Hati #318,ms
"Stay Alive, My Son #1005",km
พระอภัยมณี #607,th
Pulang #853,id
Cinta di Dalam Gelas #997,id
살인자의 기억법 #497,ko
เสือคำราม #1196,th
The Stones Cry Out #1130,km
ABNKKBSNPLAko?! #132,fil
살인자의 기억법 #197,ko
水浒传 #388,zh
Mat Jenin #94,ms
May Day Eve #240,fil
Ilustrado #1148,fil
상록수 #250,ko
走れメロス #118,ja
ฟ้าใหม่ #1120,th
西游记 #707,zh
무정 #429,ko
Siti Nurbaya (2005),id
Gapo #754,fil
삼대 #91,ko
Perburuan #245,id
Survival in the Killing Fields #432,km
Footnote to Youth #538,fil
ノルウェイの森 - Part 1,ja
平凡的世界 #484,zh
"Stay Alive, My Son",km
Penawar Bagi Hati (2017),ms
仮面の告白 - Part 3,ja
난장이가 쏘아올린 작은 공 #852,ko
In the Shadow of the Banyan #204,km
Siti Nurbaya #1206,id
태백산맥 #268,ko
The Death of Vishnu #1076,km
Belenggu #149,id
태백산맥 #408,ko
細雪 #1174,ja
Cambodia's Curse #953,km
토지 #646,ko
金閣寺 #192,ja
무정 #1089,ko
무진기행 #934,ko
围城 #183,zh
Merpati Putih Terbang Lagi #852,ms
痴人の愛 #355,ja
Menara #1239,ms
Jejak Langkah #303,id
Ronggeng Dukuh Paruk #350,id
Sejarah Melayu #1042,ms
Children of Cambodia's Killing Fields #889,km
Mga Ibong Mandaragit #727,fil
Dead Stars #117,fil
Penawar Bagi Hati #858,ms
จดหมายจากหมาเบื่อ #1101,th
人間失格 #916,ja
Cinta di Dalam Gelas #417,id
Banaag at Sikat #1184,fil
Bamboo People #837,km
围城 #963,zh
When Broken Glass Floats #227,km
Gapo #774,fil
海辺のカフカ,ja
雷雨 #540,zh
คนละฟากฟ้า #153,th
Golden Bones (2018),km
จดหมายจากหมาเบื่อ #361,th
เสือคำราม #1056,th
Siti Nurbaya #505,ms
May Day Eve #760,fil
태백산맥 #108,ko
Voices from S-21,km
Siti Nurbaya #1246,id
Supernova #538,id
รักไม่มีสิทธิ์ #199,th
Survival in the Killing Fields #272,km
Laskar Pelangi #374,id
Rice and Baguette,km
Supernova #898,id
จดหมายจากหมาเบื่อ #181,th
三国演义 #869,zh
吾輩は猫である #88,ja
Lagenda Budak Setan #975,ms
The Stones Cry Out #950,km
Atheis #548,id
Leftenan Adnan #1036,ms
Hikayat Hang Tuah #561,ms
Gapo #374,fil
Anak Mat Lela Gila #289,ms
三国演义 #469,zh
Little Princes (2017),km
Lagenda Budak Setan #435,ms
May Day Eve #880,fil
红楼梦 #386,zh
红楼梦 #786,zh
ABNKKBSNPLAko?! #1212,fil
围城 #763,zh
山月記 #259,ja
A Cambodian Prison Portrait #155,km
Little Princes: Volume 3,km
Layar Terkembang #387,id
삼대 #751,ko
Bidasari #791,ms
상록수 #1030,ko
Tenggelamnya Kapal Van Der Wijck #1044,ms
秋 #859,zh
Bumi Manusia #281,id
Tenggelamnya Kapal Van Der Wijck #204,ms
1Q84 #1182,ja
The Stones Cry Out #230,km
ลูกอีสาน #104,th
จดหมายจากหมาเบื่อ #601,th
엄마를 부탁해 #396,ko
舞姫 #920,ja
山月記 #359,ja
Gadis Jolobu #580,ms
กุหลาบป่า #390,th
เสือคำราม #836,th
Lagenda Budak Setan #935,ms
Bumi Manusia #561,id
秋 #759,zh
상록수 #1130,ko
작별인사 #423,ko
태백산맥 #128,ko
ขุนช้างขุนแผน #906,th
狂人日记 #914,zh
เสือคำราม #236,th
Mat Jenin #1114,ms
Ronggeng Dukuh Paruk #450,id
風の歌を聴け #544,ja
7년의 밤 #1098,ko
Tenggelamnya Kapal Van Der Wijck #904,ms
Hang Jebat Menderhaka #877,ms
舞姫 #340,ja
เลือดมังกร #552,th
Rice and Baguette #640,km
Anak Semua Bangsa #1162,id
서울 1964년 겨울 #575,ko
작별인사 #363,ko
The Lost Executioner #602,km
Tenggelamnya Kapal Van Der Wijck #1144,ms
ノルウェイの森 #601,ja
Belenggu #969,id
走れメロス #98,ja
三体 #941,zh
呐喊 #1232,zh
Interlok #147,ms
秋 #379,zh
ชาติหน้าขอให้พบกัน #1151,th
Jejak Langkah #783,id
活着 #1182,zh
무진기행 #794,ko
Dead Stars #857,fil
Siti Nurbaya #1166,id
Banaag at Sikat #764,fil
Tenggelamnya Kapal Van Der Wijck #1124,ms
คำพิพากษา #263,th
Atheis #1048,id
Belenggu #849,id
阿Q正传 #695,zh
ノルウェイの森 #141,ja
Mga Ibong Mandaragit #867,fil
Perburuan #145,id
金瓶梅 #350,zh
阿Q正传 #395,zh
살인자의 기억법 #1197,ko
จดหมายจากหมาเบื่อ #341,th
Footnote to Youth #118,fil
狂人日记 #1174,zh
こころ #106,ja
พระอภัยมณี #347,th
Supernova #858,id
Interlok #347,ms
무정 #609,ko
To Destroy You Is No Loss #308,km
舞姫 #100,ja
완득이 #379,ko
살인자의 기억법 #837,ko
ด้วยรักและผูกพัน #422,th
坊っちゃん #187,ja
Jejak Langkah: Volume 3,id
In the Shadow of the Banyan #524,km
Siti Nurbaya #645,ms
走れメロス #618,ja
Ranjau Sepanjang Jalan #168,ms
A Cambodian Prison Portrait #495,km
ฟ้าใหม่ #200,th
To Destroy You Is No Loss #268,km
무정 #949,ko
Hikayat Hang Tuah #541,ms
白鹿原 #365,zh
คำพิพากษา #583,th
破戒 - Part 1,ja
红楼梦 #806,zh
How My Brother Leon Brought Home a Wife #719,fil
Jejak Langkah #263,id
雷雨 #880,zh
삼대 #591,ko
Ayah #1096,id
围城 #143,zh
Kekasih Electra #813,ms
Negeri 5 Menara #739,id
흰 (2004),ko
走れメロス #758,ja
สุภาพบุรุษจุฑาเทพ #157,th
태백산맥 #148,ko
Mat Jenin #214,ms
春 #1158,zh
Luha ng Buwaya #785,fil
ด้วยรักและผูกพัน #962,th
Panglima Awang #110,ms
จดหมายจากหมาเบื่อ #541,th
Menara #719,ms
Rumah Kaca #724,id
The Lost Executioner: Volume 2,km
Ayah #1016,id
To Destroy You Is No Loss #108,km
A Cambodian Prison Portrait #715,km
Negeri 5 Menara #159,id
จดหมายจากหมาเบื่อ #141,th
斜陽 #1197,ja
Florante at Laura,fil
家 #117,zh
Belenggu #1009,id
소년이 온다 #1142,ko
The Stones Cry Out #1070,km
상록수 #210,ko
7년의 밤 #878,ko
舞姫 #800,ja
ขุนช้างขุนแผน #446,th
海辺のカフカ #1243,ja
Banaag at Sikat #984,fil
破戒 #771,ja
Bumi Manusia #261,id
ข้าหลวง #334,th
Hikayat Hang Tuah #1221,ms
Panglima Awang #450,ms
소년이 온다 #1082,ko
The Gate - Part 6,km
Sejarah Melayu #182,ms
春 #858,zh
子夜 #356,zh
雷雨 #1100,zh
Pulang - Part 3,id
ด้วยรักและผูกพัน #1062,th
Kekasih Electra #793,ms
Survival in the Killing Fields #1112,km
Ronggeng Dukuh Paruk #550,id
เสือคำราม #356,th
Siti Nurbaya #766,id
Cambodia's Curse #1113,km
토지 #126,ko
Hang Jebat Menderhaka #257,ms
活着 #122,zh
난장이가 쏘아올린 작은 공 #612,ko
Gadis Jolobu #760,ms
A Cambodian Prison Portrait #1235,km
春 #158,zh
무정 #1209,ko
Anak Semua Bangsa #562,id
Leftenan Adnan #316,ms
羊をめぐる冒険 #425,ja
Rice and Baguette #1160,km
細雪 #1094,ja
仮面の告白 #873,ja
ตำนานสมเด็จพระนารายณ์ #975,th
走れメロス #398,ja
Gapo #514,fil
平凡的世界 #424,zh
จดหมายจากหมาเบื่อ - Part 1,th
Anak Mat Lela Gila #929,ms
พระอภัยมณี #1227,th
จดหมายจากหมาเบื่อ #441,th
三体: Volume 1,zh
Salina #966,ms
Ayah #396,id
완득이 #139,ko
ชาติหน้าขอให้พบกัน #571,th
In the Shadow of the Banyan #444,km
Siti Nurbaya #506,id
Ang Paboritong Libro ni Hudas #790,fil
白鹿原 #485,zh
春 #318,zh
El Filibusterismo #1102,fil
Florante at Laura #503,fil
A Cambodian Prison Portrait #235,km
坊っちゃん #1047,ja
Florante at Laura #603,fil
Tenggelamnya Kapal Van Der Wijck #224,ms
Leftenan Adnan #396,ms
Bamboo People (2016),km
Belenggu #169,id
Lelaki Harimau #892,id
舞姫 #320,ja
三体 #861,zh
El Filibusterismo #162,fil
斜陽 #997,ja
秋,zh
ABNKKBSNPLAko?! #572,fil
Never Fall Down #523,km
Penawar Bagi Hati #1218,ms
무진기행 #294,ko
Cambodia's Curse #633,km
Anak Semua Bangsa #302,id
The Gate #206,km
มัจจุราชเริงรำ #238,th
三体 #581,zh
Never Fall Down #1103,km
Noli Me Tangere #461,fil
Voices from S-21 #374,km
A Cambodian Prison Portrait #595,km
First They Killed My Father #221,km
Penawar Bagi Hati #1178,ms
Ronggeng Dukuh Paruk #110,id
ฟ้าใหม่ #680,th
Gadis Jolobu #320,ms
Cantik Itu Luka #691,id
阿Q正传 #1235,zh
Sejarah Melayu #682,ms
Perburuan #305,id
엄마를 부탁해 #176,ko
ชาติหน้าขอให้พบกัน #1231,th
Sejarah Melayu #702,ms
작별인사 #563,ko
Ang Paboritong Libro ni Hudas #150,fil
家 #1037,zh
Smaller and Smaller Circles #649,fil
May Day Eve #420,fil
Lelaki Harimau #1192,id
엄마를 부탁해 #936,ko
엄마를 부탁해 #896,ko
水浒传 #628,zh
Sulalat al-Salatin: Volume 3,ms
May Day Eve #1180,fil
무정 #1069,ko
เสือคำราม #296,th
仮面の告白 #733,ja
Bidasari #471,ms
สี่แผ่นดิน #705,th
細雪 #314,ja
雷雨 #200,zh
A Cambodian Prison Portrait #1075,km
완득이 #359,ko
Never Fall Down #623,km
First They Killed My Father #201,km
Bidasari #211,ms
こころ #146,ja
風の歌を聴け #1104,ja
Footnote to Youth #458,fil
破戒 #991,ja
家 #697,zh
風の歌を聴け #664,ja
รักไม่มีสิทธิ์ #999,th
Sang Pemimpi #595,id
羊をめぐる冒険 #1065,ja
Ranjau Sepanjang Jalan #1088,ms
1Q84 #982,ja
Gadis Jolobu #780,ms
破戒 #611,ja
活着 #1102,zh
소년이 온다 #942,ko
The Death of Vishnu #936,km
The Lost Executioner #1082,km
子夜 #116,zh
อิเหนา #528,th
Hikayat Hang Tuah #1121,ms
Lagenda Budak Setan #1175,ms
ลูกอีสาน #424,th
Bidasari #811,ms
Ranjau Sepanjang Jalan #508,ms
Sang Pemimpi #555,id
สี่แผ่นดิน: Volume 5,th
金瓶梅 #330,zh
คนละฟากฟ้า #1213,th
春 #1058,zh
红楼梦 #366,zh
海辺のカフカ #723,ja
Cantik Itu Luka #191,id
彷徨 #373,zh
秋 (2018),zh
Padre Faura Witness the Execution of Rizal #916,fil
Negeri 5 Menara #359,id
Panglima Awang #1030,ms
태백산맥 #708,ko
白鹿原 #125,zh
광장 #733,ko
Anak Mat Lela Gila #1189,ms
Hujan #680,id
Interlok #307,ms
雪国 #1169,ja
平凡的世界 #864,zh
토지 #466,ko
Golden Bones #1119,km
อิเหนา #788,th
How My Brother Leon Brought Home a Wife #519,fil
Supernova #678,id
狂人日记 #614,zh
The Rosales Saga #95,fil
Rumah Kaca #664,id
Siti Nurbaya #1146,id
彷徨 #1233,zh
Anak Semua Bangsa #862,id
Supernova (2017),id
Hujan #460,id
風の歌を聴け #1084,ja
Menara #1139,ms
Dekada '70 #506,fil
痴人の愛 #715,ja
羊をめぐる冒険 #745,ja
First They Killed My Father #801,km
破戒 #131,ja
細雪 #454,ja
1Q84 #462,ja
มัจจุราชเริงรำ #1218,th
斜陽 #397,ja
阿Q正传 #735,zh
살인자의 기억법 #1057,ko
三体 #621,zh
呐喊 #512,zh
ข้าหลวง #254,th
伊豆の踊子 #430,ja
채식주의자 #1061,ko
Negeri 5 Menara #119,id
金閣寺 #512,ja
Golden Bones #1079,km
Cantik Itu Luka #511,id
태백산맥 #228,ko
Merpati Putih Terbang Lagi #1052,ms
When Broken Glass Floats #327,km
Rice and Baguette #540,km
완득이: Volume 4,ko
家 #577,zh
Tenggelamnya Kapal Van Der Wijck #684,ms
ตำนานสมเด็จพระนารายณ์ #95,th
狂人日记 #294,zh
Hikayat Hang Tuah #381,ms
Hujan #640,id
The Rosales Saga #715,fil
Cantik Itu Luka #951,id
How My Brother Leon Brought Home a Wife #559,fil
Lelaki Harimau #232,id
仮面の告白 #573,ja
7년의 밤 #678,ko
Pulang #1113,id
รักไม่มีสิทธิ์ #139,th
Ang Paboritong Libro ni Hudas #250,fil
Noli Me Tangere #161,fil
細雪 #1154,ja
채식주의자 #781,ko
ศรีบูรพา #709,th
สี่แผ่นดิน - Part 5,th
Sang Pemimpi #1075,id
Ranjau Sepanjang Jalan #1108,ms
Never Fall Down #883,km
คนละฟากฟ้า #173,th
Voices from S-21 #614,km
子夜 #256,zh
1Q84 #1242,ja
난장이가 쏘아올린 작은 공 #1232,ko
The Lost Executioner #702,km
Laskar Pelangi #954,id
The Gate #506,km
Negeri 5 Menara #679,id
Anak Semua Bangsa #1122,id
Dekada '70 #1206,fil
狂人日记 #254,zh
Rice and Baguette #280,km
난장이가 쏘아올린 작은 공 #1052,ko
Perburuan #805,id
Panglima Awang #1010,ms
สี่แผ่นดิน #585,th
Ranjau Sepanjang Jalan #708,ms
소년이 온다 #862,ko
Interlok #327,ms
彷徨 #673,zh
삼대 #951,ko
채식주의자 #381,ko
子夜 #956,zh
Sejarah Melayu #902,ms
Ang Paboritong Libro ni Hudas #550,fil
ขุนช้างขุนแผน #386,th
เสือคำราม #456,th
กุหลาบป่า #330,th
Merpati Putih Terbang Lagi #592,ms
ลูกอีสาน #524,th
A Cambodian Prison Portrait #195,km
Kekasih Electra #673,ms
흰: Volume 5,ko
細雪 #894,ja
走れメロス #218,ja
흰 #725,ko
红楼梦 #86,zh
The Death of Vishnu #956,km
When Broken Glass Floats #207,km
Padre Faura Witness the Execution of Rizal #836,fil
서울 1964년 겨울 #155,ko
Supernova #258,id
The Death of Vishnu #676,km
子夜 #716,zh
Perburuan: Volume 5,id
El Filibusterismo #502,fil
伊豆の踊子 #690,ja
平凡的世界 #624,zh
토지 #986,ko
こころ #1146,ja
아리랑 #567,ko
Gadis Jolobu #140,ms
細雪 #94,ja
Tenggelamnya Kapal Van Der Wijck #184,ms
Gadis Jolobu #260,ms
Pulang #873,id
仮面の告白 #833,ja
จดหมายจากหมาเบื่อ #621,th
ตำนานสมเด็จพระนารายณ์ - Part 5,th
ด้วยรักและผูกพัน #742,th
Anak Mat Lela Gila #169,ms
Ayah #1036,id
First They Killed My Father,km
雷雨 #720,zh
人間失格 #876,ja
ขุนช้างขุนแผน #1086,th
Golden Bones #739,km
Little Princes #458,km
작별인사: Volume 3,ko
雪国 #469,ja
狂人日记 #654,zh
Bamboo People #937,km
Negeri 5 Menara #799,id
水浒传 #828,zh
雪国 #529,ja
Interlok #987,ms
Ang Paboritong Libro ni Hudas #950,fil
จดหมายจากหมาเบื่อ: Volume 1,th
痴人の愛 #1195,ja
秋 #699,zh
ขุนช้างขุนแผน #966,th
三体 #241,zh
The Gate #306,km
痴人の愛 #475,ja
Padre Faura Witness the Execution of Rizal #1176,fil
水浒传 #248,zh
風の歌を聴け,ja
平凡的世界 #844,zh
Mga Kuwento ni Lola Basyang #1191,fil
Children of Cambodia's Killing Fields #589,km
삼대 #1031,ko
Bidasari #991,ms
Hang Jebat Menderhaka #357,ms
จดหมายจากหมาเบื่อ #1121,th
1Q84 #542,ja
อิเหนา #168,th
Tenggelamnya Kapal Van Der Wijck #664,ms
金閣寺 #1032,ja
작별인사 #1243,ko
May Day Eve #1080,fil
토지 #686,ko
Pulang #813,id
白鹿原 #245,zh
토지 #726,ko
A Cambodian Prison Portrait - Part 5,km
ข้าหลวง #394,th
Gadis Jolobu #720,ms
Never Fall Down #1203,km
Kekasih Electra #973,ms
Mat Jenin,ms
Lucky Child - Part 1,km
서울 1964년 겨울 #815,ko
How My Brother Leon Brought Home a Wife #1159,fil
Pulang #1073,id
Sa Mga Kuko ng Liwanag #733,fil
Belenggu #269,id
金閣寺 #712,ja
소년이 온다 #1162,ko
西游记 #847,zh
Smaller and Smaller Circles #949,fil
A Cambodian Prison Portrait (2014),km
ตำนานสมเด็จพระนารายณ์ #1235,th
소년이 온다 #822,ko
รักไม่มีสิทธิ์ #339,th
The Stones Cry Out #430,km
海辺のカフカ #123,ja
吾輩は猫である #208,ja
Golden Bones #119,km
Footnote to Youth #1118,fil
Atheis #388,id
Sejarah Melayu #1062,ms
吾輩は猫である #188,ja
To Destroy You Is No Loss #868,km
난장이가 쏘아올린 작은 공 #892,ko
金瓶梅 #810,zh
우리들의 행복한 시간 #440,ko
삼대 #371,ko
三体 #601,zh
รักไม่มีสิทธิ์ #219,th
伊豆の踊子 #330,ja
Luha ng Buwaya #685,fil
난장이가 쏘아올린 작은 공 #732,ko
Ilustrado #748,fil
Florante at Laura #823,fil
活着 #142,zh
In the Shadow of the Banyan #944,km
광장 #493,ko
Survival in the Killing Fields #1212,km
Hang Jebat Menderhaka #1237,ms
Dekada '70 #286,fil
Siti Nurbaya #1046,id
Ayah #476,id
雷雨 #280,zh
Ang Paboritong Libro ni Hudas #710,fil
Kekasih Electra #1193,ms
ขุนช้างขุนแผน #546,th
Ronggeng Dukuh Paruk #1070,id
Luha ng Buwaya #165,fil
Ronggeng Dukuh Paruk #1150,id
Merpati Putih Terbang Lagi #432,ms
Anak Semua Bangsa #842,id
金閣寺 #212,ja
破戒 #811,ja
Bamboo People #1177,km
子夜 #916,zh
Supernova #178,id
Sejarah Melayu #1122,ms
Belenggu #349,id
Jejak Langkah #843,id
Kekasih Electra #1233,ms
細雪 #114,ja
The Rosales Saga #1115,fil
คนละฟากฟ้า #1033,th
破戒 #511,ja
子夜 #1156,zh
朝花夕拾 #1071,zh
아리랑 #607,ko
상록수 #410,ko
Layar Terkembang #367,id
Anak Mat Lela Gila #109,ms
Bamboo People #997,km
狂人日记 #514,zh
Banaag at Sikat,fil
Belenggu #289,id
Noli Me Tangere,fil
雪国 #429,ja
Banaag at Sikat #244,fil
雷雨 (2019),zh
กุหลาบป่า #1230,th
Anak Mat Lela Gila #309,ms
กุหลาบป่า #570,th
Mat Jenin #614,ms
Banaag at Sikat #684,fil
สี่แผ่นดิน #325,th
Golden Bones #399,km
仮面の告白 #773,ja
Rice and Baguette #880,km
Lagenda Budak Setan #1115,ms
秋 - Part 9,zh
围城 #923,zh
Lagenda Budak Setan #635,ms
ชาติหน้าขอให้พบกัน #591,th
Lelaki Harimau,id
Pulang #153,id
작별인사 #623,ko
May Day Eve #1020,fil
彷徨 #253,zh
Sejarah Melayu #322,ms
金瓶梅 #390,zh
红楼梦 #766,zh
走れメロス #878,ja
กุหลาบป่า #210,th
Mga Ibong Mandaragit #807,fil
家 #1017,zh
The Gate #1106,km
Salina #786,ms
1Q84 #662,ja
Florante at Laura #763,fil
Ayah #1216,id
Gapo #954,fil
ลูกอีสาน #144,th
삼대 #711,ko
痴人の愛 #315,ja
坊っちゃん #1087,ja
海辺のカフカ #743,ja
红楼梦 #866,zh
Hujan #260,id
When Broken Glass Floats #1087,km
Ranjau Sepanjang Jalan #88,ms
Mga Kuwento ni Lola Basyang #991,fil
Perburuan #865,id
Negeri 5 Menara #659,id
The Rosales Saga #995,fil
山月記 #159,ja
Ang Paboritong Libro ni Hudas - Part 10,fil
Rice and Baguette #1240,km
คนละฟากฟ้า #533,th
Hang Jebat Menderhaka,ms
Hikayat Hang Tuah #441,ms
Ayah #416,id
Bamboo People #337,km
Kekasih Electra #273,ms
Bumi Manusia #1161,id
Penawar Bagi Hati #498,ms
The Rosales Saga #355,fil
Interlok #687,ms
작별인사 #343,ko
舞姫 #1080,ja
เลือดมังกร - Part 2,th
Pulang #1193,id
우리들의 행복한 시간 #860,ko
Voices from S-21 #234,km
金閣寺 #372,ja
Hujan #1220,id
สุภาพบุรุษจุฑาเทพ - Part 7,th
Mat Jenin #634,ms
First They Killed My Father #121,km
Hujan #1040,id
Laskar Pelangi #774,id
สุภาพบุรุษจุฑาเทพ #537,th
Salina #306,ms
Jejak Langkah #163,id
人間失格 #596,ja
朝花夕拾: Volume 1,zh
Negeri 5 Menara #319,id
คนละฟากฟ้า #973,th
Cantik Itu Luka #291,id
ชาติหน้าขอให้พบกัน #491,th
A Cambodian Prison Portrait #735,km
Kekasih Electra #1113,ms
Rice and Baguette #340,km
ฟ้าใหม่ #380,th
Layar Terkembang #1107,id
Anak Mat Lela Gila #509,ms
Banaag at Sikat - Part 4,fil
Leftenan Adnan #476,ms
痴人の愛,ja
อิเหนา #808,th
Sang Pemimpi #1215,id
痴人の愛 #995,ja
伊豆の踊子,ja
In the Shadow of the Banyan #1004,km
Hang Jebat Menderhaka #757,ms
Banaag at Sikat #104,fil
海辺のカフカ #203,ja
ขุนช้างขุนแผน #286,th
金閣寺 #472,ja
난장이가 쏘아올린 작은 공 #712,ko
To Destroy You Is No Loss #1208,km
Mga Ibong Mandaragit #387,fil
西游记 #547,zh
Dead Stars #277,fil
Smaller and Smaller Circles #889,fil
우리들의 행복한 시간 #100,ko
อิเหนา #768,th
7년의 밤 #558,ko
완득이 #219,ko
Leftenan Adnan #256,ms
阿Q正传 #455,zh
How My Brother Leon Brought Home a Wife #459,fil
Hujan #200,id
雪国 #89,ja
Ayah #816,id
서울 1964년 겨울 #495,ko
Ranjau Sepanjang Jalan #388,ms
子夜 #996,zh
三国演义 #309,zh
山月記 #599,ja
엄마를 부탁해 #676,ko
Noli Me Tangere - Part 1,fil
무진기행 #614,ko
Cinta di Dalam Gelas #197,id
Kekasih Electra #253,ms
Hang Jebat Menderhaka - Part 7,ms
คำพิพากษา #1003,th
Siti Nurbaya #605,ms
Jejak Langkah,id
山月記 #839,ja
Menara #1059,ms
In the Shadow of the Banyan #464,km
阿Q正传 #1035,zh
Lagenda Budak Setan #555,ms
雪国 #369,ja
채식주의자 #101,ko
Belenggu #1169,id
In the Shadow of the Banyan - Part 4,km
Sa Mga Kuko ng Liwanag #953,fil
난장이가 쏘아올린 작은 공 #472,ko
雪国 #849,ja
아리랑 #1027,ko
To Destroy You Is No Loss #248,km
The Lost Executioner #162,km
Siti Nurbaya #905,ms
The Rosales Saga #415,fil
กุหลาบป่า #870,th
How My Brother Leon Brought Home a Wife #779,fil
朝花夕拾 #111,zh
Layar Terkembang #1207,id
人間失格 #456,ja
Rice and Baguette #920,km
Hikayat Hang Tuah #161,ms
ตำนานสมเด็จพระนารายณ์ #115,th
How My Brother Leon Brought Home a Wife #739,fil
คนละฟากฟ้า #953,th
Voices from S-21: Volume 4,km
상록수 #750,ko
風の歌を聴け #804,ja
細雪 #274,ja
ลูกอีสาน #624,th
When Broken Glass Floats #947,km
羊をめぐる冒険 #1185,ja
In the Shadow of the Banyan #1204,km
Lagenda Budak Setan #895,ms
อิเหนา #308,th
斜陽 #357,ja
家 #977,zh
Bidasari #1091,ms
Sejarah Melayu #82,ms
คำพิพากษา #1043,th
三体 #501,zh
Rumah Kaca #984,id
Laskar Pelangi,id
ข้าหลวง #1054,th
Anak Semua Bangsa #1222,id
Smaller and Smaller Circles #969,fil
Leftenan Adnan #736,ms
Rumah Kaca #884,id
Dead Stars #837,fil
May Day Eve #900,fil
무진기행 #494,ko
Gapo #194,fil
Gapo #434,fil
The Death of Vishnu #656,km
무정 #1109,ko
狂人日记 #1134,zh
Noli Me Tangere #141,fil
살인자의 기억법 #397,ko
家: Volume 2,zh
Atheis #868,id
ABNKKBSNPLAko?! #1052,fil
Ranjau Sepanjang Jalan #1128,ms
The Rosales Saga #315,fil
To Destroy You Is No Loss #488,km
舞姫 #560,ja
เลือดมังกร #792,th
雷雨 #480,zh
The Death of Vishnu #456,km
Ayah #1136,id
흰 #145,ko
吾輩は猫である #1248,ja
Rumah Kaca #1184,id
กุหลาบป่า #790,th
Cambodia's Curse #813,km
Hikayat Hang Tuah #641,ms
คนละฟากฟ้า #573,th
ตำนานสมเด็จพระนารายณ์ #675,th
Bamboo People #637,km
阿Q正传 #1195,zh
雷雨 #1240,zh
El Filibusterismo #1082,fil
Atheis #228,id
Hujan #820,id
Mga Kuwento ni Lola Basyang #271,fil
Little Princes #638,km
Sulalat al-Salatin #463,ms
吾輩は猫である #428,ja
Mga Kuwento ni Lola Basyang #951,fil
呐喊 #632,zh
Gapo #654,fil
ฟ้าใหม่ #520,th
围城 #583,zh
สุภาพบุรุษจุฑาเทพ #177,th
The Death of Vishnu #516,km
ขุนช้างขุนแผน #226,th
คนละฟากฟ้า #1233,th
Gadis Jolobu #1200,ms
คำพิพากษา #283,th
Footnote to Youth #898,fil
ノルウェイの森 #761,ja
Luha ng Buwaya #325,fil
仮面の告白 #173,ja
阿Q正传 #255,zh
Bamboo People #617,km
เสือคำราม #116,th
엄마를 부탁해 #976,ko
Cambodia's Curse #1153,km
พระอภัยมณี #887,th
Padre Faura Witness the Execution of Rizal #976,fil
Hikayat Hang Tuah #1181,ms
Cantik Itu Luka #151,id
伊豆の踊子 #290,ja
三国演义 #589,zh
三国演义 #1209,zh
Ronggeng Dukuh Paruk #90,id
서울 1964년 겨울 #555,ko
The Death of Vishnu #216,km
Lucky Child #111,km
彷徨 #1153,zh
Bidasari #531,ms
吾輩は猫である #888,ja
秋 #639,zh
ศรีบูรพา #1249,th
子夜 #676,zh
Bamboo People #677,km
Penawar Bagi Hati #1118,ms
Little Princes #818,km
How My Brother Leon Brought Home a Wife #639,fil
呐喊: Volume 2,zh
The Death of Vishnu #716,km
채식주의자 #961,ko
Children of Cambodia's Killing Fields #349,km
Layar Terkembang #707,id
Pulang #1153,id
ฟ้าใหม่ #180,th
1Q84 #722,ja
สุภาพบุรุษจุฑาเทพ #937,th
坊っちゃん #107,ja
Merpati Putih Terbang Lagi #472,ms
เลือดมังกร #1072,th
細雪 #934,ja
西游记 #447,zh
Noli Me Tangere #761,fil
สุภาพบุรุษจุฑาเทพ #377,th
The Rosales Saga #855,fil
Rice and Baguette #600,km
Jejak Langkah #763,id
살인자의 기억법 #457,ko
走れメロス - Part 8,ja
阿Q正传 #655,zh
Cambodia's Curse #553,km
Footnote to Youth #1038,fil
围城 #1223,zh
Sang Pemimpi #95,id
Ranjau Sepanjang Jalan #588,ms
Lucky Child #1211,km
Bamboo People #977,km
Supernova #498,id
Ilustrado (2007),fil
Sejarah Melayu #242,ms
Luha ng Buwaya #1125,fil
秋 #1099,zh
羊をめぐる冒険 #1005,ja
How My Brother Leon Brought Home a Wife #1039,fil
Children of Cambodia's Killing Fields #809,km
Jejak Langkah #183,id
ชาติหน้าขอให้พบกัน #851,th
ลูกอีสาน #324,th
ABNKKBSNPLAko?! #152,fil
Dead Stars #797,fil
คนละฟากฟ้า #373,th
1Q84 #502,ja
무정 #1129,ko
서울 1964년 겨울 #1015,ko
How My Brother Leon Brought Home a Wife - Part 9,fil
活着 #442,zh
ノルウェイの森 #901,ja
水浒传 #428,zh
Anak Mat Lela Gila #409,ms
金瓶梅 #770,zh
Anak Mat Lela Gila #1249,ms
西游记 #1227,zh
Bumi Manusia #901,id
红楼梦 #686,zh
海辺のカフカ #583,ja
มัจจุราชเริงรำ #458,th
Rice and Baguette #840,km
舞姫 #500,ja
Gadis Jolobu (2019),ms
Lelaki Harimau #512,id
風の歌を聴け #1144,ja
Dead Stars #97,fil
水浒传 (2007),zh
Anak Semua Bangsa #402,id
เสือคำราม #696,th
雪国 #1249,ja
雷雨 #400,zh
The Stones Cry Out #310,km
สี่แผ่นดิน #785,th
Mga Ibong Mandaragit #1007,fil
Lelaki Harimau #912,id
The Stones Cry Out #1110,km
Rumah Kaca #204,id
คนละฟากฟ้า #273,th
Padre Faura Witness the Execution of Rizal #376,fil
ตำนานสมเด็จพระนารายณ์ #235,th
Sejarah Melayu #442,ms
จดหมายจากหมาเบื่อ #841,th
围城 - Part 3,zh
活着 #402,zh
Gapo #1094,fil
Bidasari #891,ms
Smaller and Smaller Circles #629,fil
รักไม่มีสิทธิ์ #539,th
坊っちゃん #927,ja
พระอภัยมณี #387,th
Leftenan Adnan #496,ms
Penawar Bagi Hati #98,ms
水浒传 #1068,zh
Smaller and Smaller Circles #1249,fil
Gapo #414,fil
坊っちゃん #147,ja
Jejak Langkah #663,id
Belenggu #1089,id
The Rosales Saga #495,fil
舞姫 #780,ja
朝花夕拾 #971,zh
Perburuan #505,id
The Rosales Saga #1095,fil
白鹿原 #325,zh
El Filibusterismo #322,fil
흰 #665,ko
First They Killed My Father #541,km
Ilustrado #1188,fil
To Destroy You Is No Loss #1168,km
Leftenan Adnan #1016,ms
三体 #881,zh
羊をめぐる冒険 #825,ja
รักไม่มีสิทธิ์ #899,th
To Destroy You Is No Loss #788,km
Perburuan #385,id
Hujan #860,id
红楼梦 #926,zh
Golden Bones #999,km
Supernova #478,id
Hujan #400,id
Dead Stars #417,fil
朝花夕拾 #931,zh
海辺のカフカ #443,ja
작별인사 #163,ko
三体 #1161,zh
Hikayat Hang Tuah #141,ms
ขุนช้างขุนแผน #146,th
In the Shadow of the Banyan #1184,km
Layar Terkembang #527,id
Golden Bones #779,km
한강 #984,ko
家 #297,zh
The Rosales Saga #695,fil
Hikayat Hang Tuah #761,ms
ตำนานสมเด็จพระนารายณ์ #1015,th
Siti Nurbaya #726,id
มัจจุราชเริงรำ,th
Dekada '70 #666,fil
阿Q正传: Volume 5,zh
Menara #959,ms
Banaag at Sikat #824,fil
7년의 밤 #298,ko
ABNKKBSNPLAko?! #632,fil
子夜 #656,zh
7년의 밤 #658,ko
Lagenda Budak Setan #135,ms
伊豆の踊子 #110,ja
อิเหนา #588,th
子夜 #1076,zh
คนละฟากฟ้า #1133,th
Merpati Putih Terbang Lagi #972,ms
Hang Jebat Menderhaka #1057,ms
Mga Ibong Mandaragit #107,fil
Little Princes #1078,km
红楼梦 #206,zh
仮面の告白 #493,ja
ABNKKBSNPLAko?! #1092,fil
朝花夕拾 #771,zh
狂人日记 #974,zh
水浒传 #448,zh
เสือคำราม #716,th
仮面の告白 #333,ja
Ang Paboritong Libro ni Hudas #630,fil
รักไม่มีสิทธิ์ #499,th
소년이 온다 #482,ko
ข้าหลวง #94,th
春 #878,zh
雪国 #789,ja
The Rosales Saga #635,fil
The Stones Cry Out #1210,km
Penawar Bagi Hati #1138,ms
Luha ng Buwaya #245,fil
ศรีบูรพา #649,th
ฟ้าใหม่: Volume 5,th
Anak Semua Bangsa #422,id
狂人日记 #434,zh
무진기행 #714,ko
Ayah #1236,id
Mga Ibong Mandaragit #767,fil
こころ #746,ja
Noli Me Tangere #1041,fil
坊っちゃん (2006),ja
Bumi Manusia #1101,id
엄마를 부탁해 #696,ko
仮面の告白 #613,ja
The Rosales Saga #1135,fil
Pulang: Volume 3,id
Ang Paboritong Libro ni Hudas #850,fil
Gapo #714,fil
Bamboo People #477,km
คำพิพากษา #703,th
1Q84 #782,ja
รักไม่มีสิทธิ์ - Part 9,th
水浒传 #1048,zh
平凡的世界 #584,zh
Layar Terkembang #747,id
Mga Kuwento ni Lola Basyang #1151,fil
Bamboo People #217,km
Menara #819,ms
Sang Pemimpi #435,id
雪国: Volume 4,ja
Cambodia's Curse #613,km
雪国 #1209,ja
무정 #829,ko
Jejak Langkah #343,id
มัจจุราชเริงรำ #478,th
破戒 #1171,ja
ฟ้าใหม่ #1240,th
Ang Paboritong Libro ni Hudas #370,fil
무정 #1029,ko
Leftenan Adnan #756,ms
Layar Terkembang #207,id
Lucky Child #211,km
Layar Terkembang #307,id
El Filibusterismo #1202,fil
阿Q正传 #1155,zh
Leftenan Adnan #1096,ms
Supernova #638,id
Never Fall Down #1043,km
Rumah Kaca #184,id
红楼梦 #1126,zh
In the Shadow of the Banyan #644,km
Sejarah Melayu #362,ms
Golden Bones #799,km
伊豆の踊子 #670,ja
Mga Kuwento ni Lola Basyang,fil
아리랑 #847,ko
Golden Bones #759,km
คนละฟากฟ้า #93,th
Golden Bones #1019,km
흰 #945,ko
ขุนช้างขุนแผน: Volume 1,th
Panglima Awang #510,ms
平凡的世界 #644,zh
พระอภัยมณี #927,th
伊豆の踊子 #210,ja
Sejarah Melayu #122,ms
Anak Semua Bangsa #1082,id
Banaag at Sikat #904,fil
In the Shadow of the Banyan #1164,km
서울 1964년 겨울 #1155,ko
Hang Jebat Menderhaka #517,ms
토지 #586,ko
ขุนช้างขุนแผน #86,th
三体 #1201,zh
Anak Semua Bangsa #682,id
The Rosales Saga #475,fil
Kekasih Electra #1153,ms
Children of Cambodia's Killing Fields #369,km
ชาติหน้าขอให้พบกัน #551,th
First They Killed My Father #841,km
春 #538,zh
Hikayat Hang Tuah #301,ms
Salina #1246,ms
平凡的世界 #964,zh
Cambodia's Curse #493,km
Belenggu #1069,id
Menara,ms
Belenggu #509,id
Merpati Putih Terbang Lagi #1012,ms
Panglima Awang #230,ms
Dekada '70 #346,fil
กุหลาบป่า #670,th
Hang Jebat Menderhaka #937,ms
Layar Terkembang #947,id
彷徨 #713,zh
Rumah Kaca #1124,id
토지 #206,ko
삼대 #811,ko
Padre Faura Witness the Execution of Rizal: Volume 1,fil
Rumah Kaca #264,id
金閣寺 #752,ja
Merpati Putih Terbang Lagi #1212,ms
Tenggelamnya Kapal Van Der Wijck #1024,ms
Siti Nurbaya #885,ms
First They Killed My Father #181,km
家 #917,zh
秋 #819,zh
살인자의 기억법 #117,ko
อิเหนา #268,th
Ilustrado #908,fil
The Stones Cry Out #870,km
仮面の告白 #973,ja
Sa Mga Kuko ng Liwanag #773,fil
Siti Nurbaya #1226,id
彷徨 #133,zh
완득이 #459,ko
白鹿原 #1085,zh
The Stones Cry Out #170,km
Hujan #1000,id
三体 #841,zh
พระอภัยมณี #507,th
Sang Pemimpi #815,id
Negeri 5 Menara #619,id
The Stones Cry Out #450,km
채식주의자 #1241,ko
Ronggeng Dukuh Paruk #830,id
Siti Nurbaya #805,ms
ตำนานสมเด็จพระนารายณ์ #1215,th
เลือดมังกร #132,th
Rice and Baguette #820,km
Cantik Itu Luka (2010),id
Luha ng Buwaya #485,fil
Siti Nurbaya #185,ms
Children of Cambodia's Killing Fields #249,km
坊っちゃん #1027,ja
Little Princes #798,km
Lucky Child #171,km
雷雨 #500,zh
風の歌を聴け #1044,ja
Banaag at Sikat #204,fil
El Filibusterismo #1042,fil
Lucky Child #271,km
สุภาพบุรุษจุฑาเทพ #1097,th
こころ #926,ja
Anak Semua Bangsa #522,id
Hujan #500,id
삼대 #331,ko
三体 #781,zh
Hang Jebat Menderhaka #297,ms
Pulang #773,id
완득이 #299,ko
난장이가 쏘아올린 작은 공 #952,ko
광장 #193,ko
สี่แผ่นดิน #805,th
Cantik Itu Luka #811,id
Sang Pemimpi #1235,id
秋 #359,zh
토지 #846,ko
風の歌を聴け #784,ja
Lelaki Harimau #772,id
三国演义 #169,zh
Cinta di Dalam Gelas #497,id
Gadis Jolobu #1140,ms
細雪 #614,ja
Ronggeng Dukuh Paruk #1250,id
ลูกอีสาน #744,th
呐喊 #132,zh
Cinta di Dalam Gelas #1017,id
Leftenan Adnan #1056,ms
Hang Jebat Menderhaka #1137,ms
Leftenan Adnan #336,ms
Florante at Laura #543,fil
태백산맥 #848,ko
The Rosales Saga #895,fil
Anak Mat Lela Gila #369,ms
Children of Cambodia's Killing Fields #189,km
春 #658,zh
When Broken Glass Floats #447,km
Banaag at Sikat #144,fil
伊豆の踊子 #810,ja
A Cambodian Prison Portrait #395,km
阿Q正传 #1095,zh
Ayah #356,id
雷雨 #820,zh
Bumi Manusia #161,id
Luha ng Buwaya #1065,fil
雪国 #769,ja
ลูกอีสาน #504,th
Children of Cambodia's Killing Fields #1089,km
ข้าหลวง #874,th
จดหมายจากหมาเบื่อ #641,th
朝花夕拾 (2010),zh
우리들의 행복한 시간 #660,ko
The Rosales Saga #515,fil
痴人の愛 #395,ja
吾輩は猫である #248,ja
ชาติหน้าขอให้พบกัน #811,th
7년의 밤 #998,ko
ฟ้าใหม่ #860,th
ฟ้าใหม่ #1200,th
살인자의 기억법 #977,ko
토지 #506,ko
三国演义 #1189,zh
金瓶梅 #110,zh
彷徨 #913,zh
A Cambodian Prison Portrait #695,km
Mga Ibong Mandaragit #507,fil
金閣寺 #412,ja
Dead Stars #697,fil
活着 #1042,zh
Footnote to Youth #418,fil
彷徨 #773,zh
子夜 #616,zh
Perburuan #1145,id
How My Brother Leon Brought Home a Wife #619,fil
Penawar Bagi Hati #918,ms
金瓶梅 #470,zh
กุหลาบป่า #490,th
Lelaki Harimau #1032,id
こころ #626,ja
รักไม่มีสิทธิ์: Volume 4,th
The Lost Executioner #822,km
난장이가 쏘아올린 작은 공 #992,ko
Gadis Jolobu #400,ms
7년의 밤 #378,ko
山月記 #499,ja
In the Shadow of the Banyan #804,km
"Stay Alive, My Son #845",km
In the Shadow of the Banyan #1084,km
Ayah #496,id
Ilustrado #1208,fil
子夜 #1216,zh
Footnote to Youth: Volume 3,fil
舞姫 #260,ja
จดหมายจากหมาเบื่อ #241,th
Little Princes #978,km
When Broken Glass Floats #927,km
Smaller and Smaller Circles #769,fil
Noli Me Tangere #281,fil
家 #897,zh
무진기행 #454,ko
Cambodia's Curse #753,km
พระอภัยมณี #187,th
痴人の愛 #975,ja
1Q84 #402,ja
雪国 #609,ja
Panglima Awang #850,ms
เสือคำราม #1156,th
伊豆の踊子: Volume 5,ja
ขุนช้างขุนแผน #1206,th
山月記 #959,ja
走れメロス #338,ja
平凡的世界 #1044,zh
ชาติหน้าขอให้พบกัน: Volume 1,th
細雪 #774,ja
ข้าหลวง #774,th
A Cambodian Prison Portrait #1115,km
Salina #886,ms
Florante at Laura #303,fil
First They Killed My Father #1181,km
In the Shadow of the Banyan #904,km
朝花夕拾 #1231,zh
Ilustrado #468,fil
金閣寺,ja
坊っちゃん #1227,ja
阿Q正传 #375,zh
Kekasih Electra #753,ms
活着 #1222,zh
Lagenda Budak Setan #815,ms
ด้วยรักและผูกพัน #182,th
1Q84 #282,ja
1Q84 #522,ja
秋 #659,zh
Cantik Itu Luka #611,id
Kekasih Electra #353,ms
Voices from S-21 #354,km
흰 #165,ko
To Destroy You Is No Loss #608,km
Sejarah Melayu #622,ms
Never Fall Down #643,km
Florante at Laura #403,fil
坊っちゃん #907,ja
เลือดมังกร #332,th
狂人日记 #354,zh
破戒 #1231,ja
상록수 #670,ko
ลูกอีสาน #1104,th
A Cambodian Prison Portrait #875,km
1Q84 #642,ja
呐喊 #832,zh
우리들의 행복한 시간 #1240,ko
Cantik Itu Luka #1011,id
Luha ng Buwaya #265,fil
무정 #769,ko
อิเหนา #648,th
秋 #879,zh
Ronggeng Dukuh Paruk #1110,id
Little Princes #618,km
吾輩は猫である,ja
Salina #486,ms
Anak Mat Lela Gila #569,ms
Interlok,ms
อิเหนา #608,th
คนละฟากฟ้า: Volume 3,th
三国演义 #569,zh
Sang Pemimpi #735,id
태백산맥: Volume 3,ko
Hang Jebat Menderhaka #917,ms
พระอภัยมณี - Part 7,th
ตำนานสมเด็จพระนารายณ์ #915,th
Jejak Langkah #683,id
작별인사 (2002),ko
斜陽 #1217,ja
엄마를 부탁해 #1196,ko
Rumah Kaca #1084,id
How My Brother Leon Brought Home a Wife #699,fil
Negeri 5 Menara #779,id
Bumi Manusia #581,id
金閣寺 #672,ja
Voices from S-21 #434,km
金瓶梅 #730,zh
Atheis #748,id
羊をめぐる冒険 #625,ja
The Stones Cry Out #590,km
細雪 #954,ja
吾輩は猫である #1168,ja
The Rosales Saga,fil
平凡的世界 #264,zh
朝花夕拾 #191,zh
무진기행 #94,ko
Mat Jenin #914,ms
Gadis Jolobu #620,ms
痴人の愛 #155,ja
舞姫 #700,ja
雷雨,zh
ノルウェイの森 #581,ja
Ilustrado #628,fil
Mat Jenin #134,ms
ฟ้าใหม่ #780,th
Bumi Manusia #121,id
ลูกอีสาน #984,th
Children of Cambodia's Killing Fields #149,km
คำพิพากษา #1143,th
อิเหนา #88,th
朝花夕拾 #391,zh
Mga Kuwento ni Lola Basyang #511,fil
雪国 #489,ja
สี่แผ่นดิน #465,th
Lagenda Budak Setan #355,ms
서울 1964년 겨울 #435,ko
Perburuan #405,id
Banaag at Sikat #524,fil
風の歌を聴け #384,ja
Anak Mat Lela Gila #949,ms
소년이 온다 #882,ko
Perburuan #1225,id
ลูกอีสาน #644,th
Kekasih Electra: Volume 3,ms
Leftenan Adnan #1236,ms
Dead Stars,fil
เลือดมังกร #1132,th
무정 #329,ko
ノルウェイの森 (2000),ja
สี่แผ่นดิน #525,th
家,zh
红楼梦 #446,zh
Supernova #1038,id
金閣寺 #112,ja
Laskar Pelangi #974,id
Children of Cambodia's Killing Fields #409,km
The Stones Cry Out #250,km
จดหมายจากหมาเบื่อ #581,th
Supernova #138,id
平凡的世界 #84,zh
家 #177,zh
흰 #85,ko
Mga Ibong Mandaragit #747,fil
살인자의 기억법 #777,ko
Ilustrado #688,fil
รักไม่มีสิทธิ์ #399,th
Hang Jebat Menderhaka #1177,ms
Sa Mga Kuko ng Liwanag #713,fil
완득이 #279,ko
朝花夕拾 #551,zh
人間失格 #1136,ja
围城 #783,zh
Florante at Laura #423,fil
西游记 #167,zh
จดหมายจากหมาเบื่อ #81,th
คำพิพากษา: Volume 3,th
Survival in the Killing Fields #1052,km
細雪 #1234,ja
水浒传 #608,zh
อิเหนา #1128,th
ข้าหลวง #834,th
Salina,ms
Negeri 5 Menara #859,id
围城 #683,zh
토지 #346,ko
破戒 #691,ja
The Rosales Saga #675,fil
ฟ้าใหม่ #1140,th
Rice and Baguette #1120,km
Bumi Manusia #481,id
ชาติหน้าขอให้พบกัน #991,th
Cantik Itu Luka #1151,id
Kekasih Electra #393,ms
Kekasih Electra (2012),ms
吾輩は猫である #1008,ja
Atheis #608,id
白鹿原 #265,zh
ศรีบูรพา #189,th
Survival in the Killing Fields - Part 2,km
무진기행 #1114,ko
Mga Ibong Mandaragit #427,fil
Hujan #1080,id
Sejarah Melayu #422,ms
When Broken Glass Floats #127,km
1Q84 #562,ja
광장 #1233,ko
Rice and Baguette: Volume 5,km
Sang Pemimpi #175,id
To Destroy You Is No Loss #1228,km
Lelaki Harimau #1072,id
7년의 밤 #1078,ko
呐喊 #1152,zh
Salina #646,ms
채식주의자 #521,ko
Sa Mga Kuko ng Liwanag #793,fil
Cambodia's Curse #1193,km
春 #738,zh
กุหลาบป่า #950,th
Dekada '70 #866,fil
Sang Pemimpi #135,id
Survival in the Killing Fields #1092,km
Salina #926,ms
羊をめぐる冒険 #205,ja
The Lost Executioner #862,km
Anak Semua Bangsa #542,id
The Lost Executioner #382,km
Gadis Jolobu #380,ms
First They Killed My Father #701,km
围城 #603,zh
광장 #433,ko
The Death of Vishnu #916,km
พระอภัยมณี #467,th
May Day Eve #220,fil
舞姫 #860,ja
한강 #504,ko
Mga Ibong Mandaragit #927,fil
ชาติหน้าขอให้พบกัน #411,th
Ronggeng Dukuh Paruk #890,id
水浒传 #228,zh
Rice and Baguette #680,km
春 #118,zh
สี่แผ่นดิน #85,th
7년의 밤 #938,ko
金閣寺 #732,ja
Tenggelamnya Kapal Van Der Wijck #1184,ms
Bumi Manusia #221,id
Children of Cambodia's Killing Fields #609,km
The Lost Executioner #1162,km
ชาติหน้าขอให้พบกัน #751,th
채식주의자 #801,ko
金瓶梅 #930,zh
คนละฟากฟ้า #873,th
คนละฟากฟ้า #833,th
Lagenda Budak Setan #455,ms
Merpati Putih Terbang Lagi #452,ms
子夜 #296,zh
Perburuan #665,id
Survival in the Killing Fields #112,km
서울 1964년 겨울 #915,ko
Layar Terkembang #607,id
山月記 #279,ja
ลูกอีสาน #384,th
The Rosales Saga #575,fil
เสือคำราม #1036,th
살인자의 기억법 #937,ko
人間失格 #236,ja
"Stay Alive, My Son #1045",km
광장 #1033,ko
三国演义 #1049,zh
สี่แผ่นดิน #1025,th
무정 #249,ko
家 #537,zh
The Gate #86,km
ด้วยรักและผูกพัน #382,th
Noli Me Tangere #521,fil
Bidasari #931,ms
Menara #939,ms
吾輩は猫である #1128,ja
ノルウェイの森 #161,ja
Noli Me Tangere #101,fil
呐喊 #892,zh
Smaller and Smaller Circles #549,fil
채식주의자 #941,ko
Florante at Laura #1243,fil
Interlok #367,ms
The Gate #986,km
阿Q正传 #335,zh
First They Killed My Father #1061,km
To Destroy You Is No Loss #1088,km
呐喊 #532,zh
Mat Jenin #774,ms
Hujan #800,id
Footnote to Youth #878,fil
Bumi Manusia #521,id
山月記 #179,ja
흰 #1105,ko
A Cambodian Prison Portrait #375,km
Banaag at Sikat #1104,fil
Layar Terkembang #467,id
Supernova #998,id
토지: Volume 1,ko
Merpati Putih Terbang Lagi #892,ms
Ilustrado #88,fil
Atheis #1208,id
ด้วยรักและผูกพัน #1142,th
風の歌を聴け (2003),ja
Siti Nurbaya #285,ms
Cinta di Dalam Gelas #817,id
こころ (2005),ja
In the Shadow of the Banyan #1064,km
海辺のカフカ #363,ja
Panglima Awang #1150,ms
토지 #746,ko
Bumi Manusia #1001,id
The Lost Executioner #622,km
阿Q正传 #155,zh
Anak Semua Bangsa #262,id
Lagenda Budak Setan #175,ms
Children of Cambodia's Killing Fields #1189,km
Belenggu #949,id
광장 #753,ko
1Q84 #1162,ja
Cantik Itu Luka #311,id
仮面の告白 #1093,ja
Pulang #613,id
ตำนานสมเด็จพระนารายณ์ #595,th
무진기행 #134,ko
Bamboo People #1197,km
When Broken Glass Floats #667,km
서울 1964년 겨울 #275,ko
El Filibusterismo #522,fil
한강 #624,ko
Ranjau Sepanjang Jalan #1168,ms
Cantik Itu Luka #1051,id
Cambodia's Curse #153,km
春 #1098,zh
ขุนช้างขุนแผน #806,th
Lagenda Budak Setan #575,ms
朝花夕拾 #891,zh
春 (2017),zh
The Gate #466,km
한강 #1044,ko
山月記 #199,ja
仮面の告白 #1173,ja
Leftenan Adnan #956,ms
坊っちゃん #967,ja
Dekada '70 #486,fil
สุภาพบุรุษจุฑาเทพ #977,th
Dead Stars #457,fil
한강 #184,ko
Panglima Awang #830,ms
Layar Terkembang #687,id
To Destroy You Is No Loss #728,km
The Rosales Saga #435,fil
三国演义 #249,zh
Siti Nurbaya #1126,id
How My Brother Leon Brought Home a Wife #99,fil
태백산맥 #328,ko
ABNKKBSNPLAko?! #872,fil
羊をめぐる冒険 #345,ja
태백산맥 #668,ko
水浒传 #568,zh
Layar Terkembang #407,id
Voices from S-21 #994,km
กุหลาบป่า #350,th
Pulang #413,id
กุหลาบป่า #310,th
こころ #86,ja
아리랑 #167,ko
Hikayat Hang Tuah #1061,ms
สุภาพบุรุษจุฑาเทพ #137,th
Ayah #1056,id
Ilustrado #128,fil
Never Fall Down #103,km
무정 #749,ko
First They Killed My Father #81,km
Little Princes #118,km
Pulang #733,id
El Filibusterismo #302,fil
Banaag at Sikat #664,fil
吾輩は猫である - Part 8,ja
Atheis #1128,id
Atheis #308,id
Golden Bones #559,km
Cinta di Dalam Gelas #1197,id
ノルウェイの森 #441,ja
坊っちゃん #1067,ja
朝花夕拾 - Part 1,zh
채식주의자 #741,ko
우리들의 행복한 시간 #1120,ko
Rice and Baguette #560,km
The Rosales Saga #535,fil
Hang Jebat Menderhaka #957,ms
Cambodia's Curse #893,km
围城 #1063,zh
Sulalat al-Salatin #123,ms
Lucky Child #131,km
Ilustrado #708,fil
Luha ng Buwaya #205,fil
The Gate #346,km
Rumah Kaca #344,id
Tenggelamnya Kapal Van Der Wijck #544,ms
Salina #106,ms
羊をめぐる冒険 #525,ja
Lelaki Harimau #732,id
รักไม่มีสิทธิ์ #839,th
人間失格 #116,ja
Cantik Itu Luka #1171,id
난장이가 쏘아올린 작은 공 #432,ko
เสือคำราม #616,th
흰 #565,ko
Rice and Baguette #200,km
围城 #543,zh
El Filibusterismo #1022,fil
Little Princes #958,km
May Day Eve,fil
คำพิพากษา #203,th
Luha ng Buwaya #725,fil
สี่แผ่นดิน #1165,th
Jejak Langkah #1043,id
Negeri 5 Menara,id
三体 #301,zh
Lelaki Harimau #112,id
Bidasari #671,ms
Lagenda Budak Setan #955,ms
무정 #289,ko
Penawar Bagi Hati,ms
คำพิพากษา #543,th
Survival in the Killing Fields #172,km
Merpati Putih Terbang Lagi #332,ms
家 #497,zh
เลือดมังกร #232,th
무진기행 #374,ko
Voices from S-21 #834,km
白鹿原 #285,zh
The Lost Executioner #642,km
彷徨 #1173,zh
Pulang #993,id
When Broken Glass Floats,km
ลูกอีสาน #884,th
กุหลาบป่า #1090,th
กุหลาบป่า #170,th
Ang Paboritong Libro ni Hudas #1030,fil
走れメロス #238,ja
Supernova #838,id
A Cambodian Prison Portrait #655,km
살인자의 기억법 #337,ko
Negeri 5 Menara #259,id
한강 #364,ko
Footnote to Youth #158,fil
Children of Cambodia's Killing Fields #1169,km
狂人日记 #634,zh
仮面の告白 #713,ja
삼대 #671,ko
สี่แผ่นดิน #645,th
風の歌を聴け #624,ja
子夜 #456,zh
When Broken Glass Floats #287,km
Dekada '70 #186,fil
Mga Ibong Mandaragit #407,fil
Sang Pemimpi #315,id
Voices from S-21 #914,km
Dekada '70 #646,fil
May Day Eve #580,fil
엄마를 부탁해 #476,ko
May Day Eve #640,fil
Laskar Pelangi #314,id
Survival in the Killing Fields #1032,km
朝花夕拾 #251,zh
May Day Eve #300,fil
Hikayat Hang Tuah #961,ms
吾輩は猫である #148,ja
ลูกอีสาน #1004,th
May Day Eve #820,fil
Penawar Bagi Hati #238,ms
白鹿原 #1045,zh
In the Shadow of the Banyan #1244,km
ฟ้าใหม่ #740,th
The Lost Executioner #522,km
กุหลาบป่า #1250,th
Menara #419,ms
아리랑 #107,ko
태백산맥 #1148,ko
Leftenan Adnan #356,ms
Ang Paboritong Libro ni Hudas #1050,fil
Bumi Manusia #1241,id
Padre Faura Witness the Execution of Rizal #336,fil
Hikayat Hang Tuah #1001,ms
Layar Terkembang #347,id
ノルウェイの森 #621,ja
痴人の愛 #295,ja
家 #1237,zh
Leftenan Adnan #976,ms
ชาติหน้าขอให้พบกัน #691,th
สุภาพบุรุษจุฑาเทพ #757,th
Sa Mga Kuko ng Liwanag #1113,fil
Sa Mga Kuko ng Liwanag #133,fil
เสือคำราม #416,th
Dead Stars (2016),fil
Anak Mat Lela Gila #829,ms
斜陽 #717,ja
완득이 #519,ko
To Destroy You Is No Loss #368,km
白鹿原 #1125,zh
Hujan #220,id
Cinta di Dalam Gelas #157,id
Ang Paboritong Libro ni Hudas #1150,fil
こころ #166,ja
Ilustrado #548,fil
Luha ng Buwaya #805,fil
Merpati Putih Terbang Lagi: Volume 2,ms
When Broken Glass Floats #1207,km
活着 #1002,zh
斜陽 #777,ja
태백산맥 #728,ko
รักไม่มีสิทธิ์ #799,th
Tenggelamnya Kapal Van Der Wijck #964,ms
Sang Pemimpi #835,id
人間失格 #496,ja
こころ #946,ja
彷徨 #1073,zh
Siti Nurbaya #1085,ms
Anak Mat Lela Gila #349,ms
細雪 #854,ja
秋 #579,zh
坊っちゃん #87,ja
山月記 #319,ja
Hujan #100,id
Smaller and Smaller Circles #369,fil
태백산맥 #608,ko
เสือคำราม (2015),th
Leftenan Adnan,ms
한강 #104,ko
Gadis Jolobu #1100,ms
海辺のカフカ #983,ja
Lucky Child #871,km
ฟ้าใหม่ #960,th
엄마를 부탁해 #516,ko
7년의 밤 #978,ko
阿Q正传 #175,zh
Siti Nurbaya #725,ms
Dead Stars #1077,fil
Panglima Awang #990,ms
Dead Stars #1137,fil
The Stones Cry Out #650,km
Hang Jebat Menderhaka #857,ms
소년이 온다 #362,ko
Cinta di Dalam Gelas #1037,id
작별인사 #583,ko
สี่แผ่นดิน #345,th
광장 #693,ko
Panglima Awang,ms
7년의 밤 #758,ko
ศรีบูรพา #529,th
Gadis Jolobu - Part 10,ms
Negeri 5 Menara #459,id
Lucky Child #1231,km
Gadis Jolobu #1040,ms
A Cambodian Prison Portrait #555,km
坊っちゃん #347,ja
เลือดมังกร #152,th
Atheis #288,id
Mat Jenin #1194,ms
Siti Nurbaya #606,id
อิเหนา #348,th
7년의 밤 #538,ko
พระอภัยมณี #907,th
ขุนช้างขุนแผน #406,th
Dekada '70 #166,fil
Bidasari #611,ms
Noli Me Tangere #801,fil
Jejak Langkah #603,id
Cantik Itu Luka #651,id
走れメロス #138,ja
Pulang #753,id
Supernova #658,id
Dead Stars #477,fil
破戒 #451,ja
จดหมายจากหมาเบื่อ #1221,th
ลูกอีสาน #564,th
Layar Terkembang #427,id
Panglima Awang #690,ms
朝花夕拾 #511,zh
Interlok #487,ms
El Filibusterismo #142,fil
西游记 #1007,zh
Banaag at Sikat #284,fil
Ranjau Sepanjang Jalan #908,ms
Ronggeng Dukuh Paruk #950,id
痴人の愛 #115,ja
Salina #766,ms
Laskar Pelangi #894,id
난장이가 쏘아올린 작은 공 #692,ko
Children of Cambodia's Killing Fields #869,km
Golden Bones,km
子夜 #1236,zh
雪国 #1129,ja
Sang Pemimpi #415,id
Hujan #1020,id
Footnote to Youth #358,fil
細雪 #414,ja
雪国 #589,ja
พระอภัยมณี #687,th
Layar Terkembang #1147,id
Florante at Laura #343,fil
7년의 밤 #238,ko
삼대 #791,ko
Luha ng Buwaya #1185,fil
Sulalat al-Salatin #1103,ms
風の歌を聴け #844,ja
작별인사 #83,ko
人間失格 #656,ja
痴人の愛 #95,ja
Supernova #818,id
Interlok #787,ms
Menara #1079,ms
红楼梦 #146,zh
彷徨 #1213,zh
破戒 #1191,ja
红楼梦 #726,zh
ABNKKBSNPLAko?! #852,fil
Lagenda Budak Setan #735,ms
水浒传 #288,zh
삼대 #311,ko
Banaag at Sikat #1084,fil
Cinta di Dalam Gelas #617,id
Gadis Jolobu #160,ms
เสือคำราม - Part 6,th
Cambodia's Curse #273,km
1Q84 #1002,ja
Anak Mat Lela Gila #729,ms
Pulang #93,id
Cinta di Dalam Gelas #737,id
Ang Paboritong Libro ni Hudas #390,fil
엄마를 부탁해 #716,ko
Perburuan #785,id
한강 #164,ko
Supernova #438,id
舞姫 #200,ja
Salina (2005),ms
The Gate #146,km
Bamboo People #557,km
한강 #664,ko
살인자의 기억법 #217,ko
토지 #146,ko
金閣寺 #352,ja
Padre Faura Witness the Execution of Rizal #556,fil
Never Fall Down #203,km
彷徨 #1133,zh
阿Q正传 (2014),zh
仮面の告白 #1213,ja
서울 1964년 겨울: Volume 5,ko
7년의 밤 #158,ko
난장이가 쏘아올린 작은 공 #872,ko
소년이 온다 #702,ko
红楼梦 #1166,zh
Ang Paboritong Libro ni Hudas #650,fil
呐喊 #212,zh
Siti Nurbaya #325,ms
Supernova #458,id
สี่แผ่นดิน #925,th
春 #698,zh
海辺のカフカ #543,ja
家 #757,zh
난장이가 쏘아올린 작은 공 #772,ko
Leftenan Adnan #1156,ms
한강 #584,ko
ด้วยรักและผูกพัน #1202,th
아리랑 #367,ko
May Day Eve #460,fil
金閣寺 #532,ja
In the Shadow of the Banyan #484,km
เลือดมังกร #392,th
สี่แผ่นดิน #1245,th
Bumi Manusia #921,id
จดหมายจากหมาเบื่อ #681,th
กุหลาบป่า #510,th
Jejak Langkah #583,id
Lelaki Harimau #252,id
三体 #281,zh
海辺のカフカ #143,ja
Sejarah Melayu #802,ms
Anak Mat Lela Gila #1129,ms
斜陽 #1097,ja
Cinta di Dalam Gelas #177,id
Supernova #798,id
Ranjau Sepanjang Jalan #208,ms
ABNKKBSNPLAko?! #832,fil
태백산맥 #1028,ko
金閣寺 #1092,ja
The Gate #886,km
우리들의 행복한 시간 #640,ko
Noli Me Tangere #121,fil
작별인사 #983,ko
Tenggelamnya Kapal Van Der Wijck #1004,ms
人間失格 #276,ja
มัจจุราชเริงรำ #1138,th
Footnote to Youth #758,fil
한강 #644,ko
Anak Semua Bangsa #1182,id
Survival in the Killing Fields #392,km
伊豆の踊子 #170,ja
Bumi Manusia #941,id
斜陽 #817,ja
Cambodia's Curse #993,km
จดหมายจากหมาเบื่อ #661,th
Laskar Pelangi #914,id
Sejarah Melayu #502,ms
Hujan #520,id
Rice and Baguette #460,km
春 #818,zh
Ilustrado #728,fil
จดหมายจากหมาเบื่อ #701,th
Atheis #788,id
雷雨 #1140,zh
Laskar Pelangi #334,id
The Lost Executioner #102,km
The Lost Executioner #222,km
How My Brother Leon Brought Home a Wife #1059,fil
Cinta di Dalam Gelas #957,id
Mga Kuwento ni Lola Basyang #411,fil
Laskar Pelangi #1154,id
The Stones Cry Out: Volume 5,km
ศรีบูรพา #789,th
To Destroy You Is No Loss #648,km
斜陽 #797,ja
How My Brother Leon Brought Home a Wife #999,fil
Jejak Langkah #723,id
白鹿原 #965,zh
ノルウェイの森 #501,ja
春 #98,zh
Children of Cambodia's Killing Fields #229,km
春 #918,zh
狂人日记 #154,zh
"Stay Alive, My Son #105",km
雷雨 #980,zh
Mga Ibong Mandaragit (2006),fil
무정 #889,ko
ด้วยรักและผูกพัน #622,th
ลูกอีสาน #1064,th
난장이가 쏘아올린 작은 공 #372,ko
Sa Mga Kuko ng Liwanag #933,fil
Dead Stars #197,fil
Mga Ibong Mandaragit #1147,fil
Negeri 5 Menara #1239,id
Mga Kuwento ni Lola Basyang #971,fil
ลูกอีสาน #1204,th
Jejak Langkah #283,id
Interlok #1227,ms
Never Fall Down #263,km
秋 #979,zh
Noli Me Tangere #841,fil
Merpati Putih Terbang Lagi #152,ms
Cambodia's Curse (2012),km
Cambodia's Curse #773,km
痴人の愛 #195,ja
สี่แผ่นดิน #365,th
To Destroy You Is No Loss #748,km
围城 #1103,zh
Jejak Langkah #423,id
광장 #993,ko
朝花夕拾 #1171,zh
Hujan: Volume 5,id
채식주의자 #661,ko
朝花夕拾 #691,zh
Rumah Kaca #804,id
Ayah #1176,id
The Stones Cry Out #750,km
活着 #1142,zh
광장 #353,ko
Interlok #1247,ms
Anak Semua Bangsa #162,id
สุภาพบุรุษจุฑาเทพ #1237,th
Sang Pemimpi #335,id
Pulang #133,id
Ayah #456,id
Mat Jenin #1134,ms
三国演义 #709,zh
Gapo #914,fil
Survival in the Killing Fields #552,km
7년의 밤 #698,ko
彷徨 #473,zh
ฟ้าใหม่ #880,th
First They Killed My Father #101,km
人間失格 #1036,ja
광장 #913,ko
Menara #399,ms
Negeri 5 Menara #479,id
Rice and Baguette #320,km
Ayah #196,id
Menara #339,ms
平凡的世界 #984,zh
伊豆の踊子 #770,ja
ฟ้าใหม่ #580,th
รักไม่มีสิทธิ์ #819,th
Penawar Bagi Hati #138,ms
Pulang #1173,id
Anak Mat Lela Gila #989,ms
ข้าหลวง,th
작별인사 #603,ko
活着 #242,zh
Little Princes,km
The Lost Executioner #1002,km
Mat Jenin #154,ms
Smaller and Smaller Circles #149,fil
สี่แผ่นดิน #1145,th
Jejak Langkah #643,id
金閣寺 #772,ja
ด้วยรักและผูกพัน #362,th
กุหลาบป่า #650,th
Dekada '70 #1126,fil
Sulalat al-Salatin #303,ms
ฟ้าใหม่ #1180,th
山月記 #579,ja
아리랑 #427,ko
呐喊 #692,zh
완득이 #779,ko
Rice and Baguette #860,km
태백산맥 #748,ko
7년의 밤 #818,ko
Gadis Jolobu #560,ms
The Stones Cry Out #530,km
พระอภัยมณี #87,th
狂人日记 #454,zh
海辺のカフカ #223,ja
ข้าหลวง #1174,th
Mga Ibong Mandaragit #647,fil
The Rosales Saga #335,fil
秋 #219,zh
雪国 #1009,ja
Sa Mga Kuko ng Liwanag #573,fil
舞姫 #880,ja
ABNKKBSNPLAko?! - Part 2,fil
พระอภัยมณี #1247,th
Rumah Kaca #944,id
A Cambodian Prison Portrait #1055,km
Dekada '70 #446,fil
Siti Nurbaya #745,ms
彷徨 #153,zh
Belenggu #549,id
สุภาพบุรุษจุฑาเทพ #777,th
Lucky Child #291,km
Belenggu #689,id
Voices from S-21 #654,km
Atheis #1108,id
白鹿原 #665,zh
Merpati Putih Terbang Lagi #632,ms
三国演义 - Part 9,zh
Sejarah Melayu #1082,ms
仮面の告白 #1073,ja
ขุนช้างขุนแผน #926,th
Sulalat al-Salatin #363,ms
To Destroy You Is No Loss #1188,km
ข้าหลวง #1094,th
Banaag at Sikat #1044,fil
Sa Mga Kuko ng Liwanag #253,fil
เสือคำราม #376,th
When Broken Glass Floats #247,km
The Death of Vishnu #896,km
Hujan #1160,id
พระอภัยมณี #227,th
走れメロス #498,ja
舞姫 #300,ja
風の歌を聴け #884,ja
ตำนานสมเด็จพระนารายณ์ #1155,th
상록수 #690,ko
羊をめぐる冒険 #545,ja
Banaag at Sikat (2003),fil
Ronggeng Dukuh Paruk #430,id
阿Q正传 #215,zh
Dekada '70 #626,fil
Mat Jenin #594,ms
우리들의 행복한 시간,ko
Panglima Awang #1070,ms
Sa Mga Kuko ng Liwanag - Part 3,fil
태백산맥 #188,ko
ด้วยรักและผูกพัน #582,th
When Broken Glass Floats #167,km
ลูกอีสาน - Part 4,th
Noli Me Tangere #201,fil
สุภาพบุรุษจุฑาเทพ #617,th
จดหมายจากหมาเบื่อ #1201,th
舞姫 (2019),ja
斜陽 #257,ja
무정 #929,ko
Jejak Langkah #623,id
Panglima Awang #530,ms
Siti Nurbaya #1245,ms
Penawar Bagi Hati #758,ms
The Death of Vishnu #736,km
Siti Nurbaya #465,ms
Salina #746,ms
กุหลาบป่า #110,th
Gadis Jolobu #280,ms
Bamboo People #1037,km
Leftenan Adnan #136,ms
呐喊 #272,zh
Footnote to Youth #718,fil
The Death of Vishnu #336,km
Smaller and Smaller Circles #409,fil
秋 #499,zh
Belenggu #669,id
In the Shadow of the Banyan #1144,km
7년의 밤 #598,ko
Penawar Bagi Hati #878,ms
เลือดมังกร #712,th
仮面の告白: Volume 3,ja
Banaag at Sikat #584,fil
Belenggu #749,id
Hikayat Hang Tuah #521,ms
人間失格 #1116,ja
Bumi Manusia #641,id
จดหมายจากหมาเบื่อ #1241,th
Voices from S-21 #94,km
Lelaki Harimau #292,id
Ayah #376,id
ศรีบูรพา #849,th
ตำนานสมเด็จพระนารายณ์ #1055,th
走れメロス #298,ja
Sulalat al-Salatin #83,ms
엄마를 부탁해 #456,ko
Rumah Kaca #844,id
난장이가 쏘아올린 작은 공 #232,ko
Bumi Manusia #1021,id
"Stay Alive, My Son #785",km
三国演义 #389,zh
เสือคำราม #316,th
Bamboo People #957,km
소년이 온다 #122,ko
삼대 #191,ko
Siti Nurbaya #746,id
Dekada '70 #106,fil
สุภาพบุรุษจุฑาเทพ (2016),th
Golden Bones #259,km
ลูกอีสาน #864,th
토지 #1106,ko
The Death of Vishnu #856,km
红楼梦 #426,zh
May Day Eve #1200,fil
Atheis #1228,id
완득이 #339,ko
서울 1964년 겨울 #1195,ko
山月記 #759,ja
우리들의 행복한 시간 #1080,ko
Dead Stars #217,fil
ชาติหน้าขอให้พบกัน #651,th
살인자의 기억법 #637,ko
Footnote to Youth #1178,fil
Little Princes #658,km
Kekasih Electra #893,ms
水浒传 #868,zh
Menara #639,ms
엄마를 부탁해: Volume 1,ko
红楼梦 #826,zh
ABNKKBSNPLAko?! #1172,fil
Luha ng Buwaya #825,fil
春 #398,zh
Bidasari #591,ms
Salina #86,ms
平凡的世界 #404,zh
El Filibusterismo #842,fil
Layar Terkembang #567,id
舞姫 #360,ja
ศรีบูรพา #509,th
走れメロス #738,ja
เลือดมังกร: Volume 2,th
Interlok #407,ms
Cantik Itu Luka #211,id
Bidasari - Part 1,ms
Children of Cambodia's Killing Fields #1109,km
엄마를 부탁해 #656,ko
Menara #279,ms
Little Princes #438,km
엄마를 부탁해 #1156,ko
Smaller and Smaller Circles #509,fil
Little Princes #738,km
Dekada '70 #526,fil
สี่แผ่นดิน #985,th
ABNKKBSNPLAko?! #332,fil
Tenggelamnya Kapal Van Der Wijck #484,ms
ABNKKBSNPLAko?! #892,fil
Banaag at Sikat #924,fil
ด้วยรักและผูกพัน #122,th
กุหลาบป่า - Part 10,th
Golden Bones #599,km
Ilustrado #148,fil
水浒传 #148,zh
Rumah Kaca #924,id
How My Brother Leon Brought Home a Wife #239,fil
สุภาพบุรุษจุฑาเทพ #577,th
สี่แผ่นดิน #505,th
7년의 밤 #98,ko
斜陽 #497,ja
Sang Pemimpi #915,id
우리들의 행복한 시간 #240,ko
Rice and Baguette #800,km
Voices from S-21 #274,km
白鹿原 #305,zh
작별인사 #803,ko
Salina #386,ms
ลูกอีสาน #404,th
광장 #793,ko
Ilustrado #168,fil
Atheis #468,id
三国演义 #109,zh
The Lost Executioner #722,km
Luha ng Buwaya #85,fil
Children of Cambodia's Killing Fields #1029,km
Never Fall Down - Part 3,km
平凡的世界 #164,zh
เสือคำราม #876,th
เสือคำราม #896,th
Sa Mga Kuko ng Liwanag #693,fil
The Gate #706,km
金瓶梅 #1030,zh
Siti Nurbaya #105,ms
三体 #681,zh
Footnote to Youth #978,fil
こころ #226,ja
살인자의 기억법 #97,ko
Perburuan - Part 5,id
The Rosales Saga #375,fil
狂人日记 #214,zh
Dekada '70 #946,fil
坊っちゃん #847,ja
Siti Nurbaya #906,id
How My Brother Leon Brought Home a Wife #379,fil
Gapo #294,fil
Layar Terkembang #587,id
คนละฟากฟ้า #1053,th
한강 #1204,ko
สุภาพบุรุษจุฑาเทพ #97,th
Sa Mga Kuko ng Liwanag (2012),fil
吾輩は猫である #908,ja
무정 #589,ko
Sang Pemimpi #895,id
May Day Eve #160,fil
완득이 #739,ko
작별인사 #263,ko
Never Fall Down #323,km
สุภาพบุรุษจุฑาเทพ #337,th
朝花夕拾 #331,zh
태백산맥 #568,ko
서울 1964년 겨울 #315,ko
Interlok #647,ms
Jejak Langkah #1243,id
Mga Kuwento ni Lola Basyang #911,fil
Dekada '70 #466,fil
雪国 #1109,ja
When Broken Glass Floats #187,km
Hang Jebat Menderhaka #1037,ms
아리랑 (2006),ko
Ang Paboritong Libro ni Hudas #810,fil
ศรีบูรพา #729,th
"Stay Alive, My Son #85",km
Noli Me Tangere #661,fil
ชาติหน้าขอให้พบกัน - Part 1,th
平凡的世界 #724,zh
Sang Pemimpi #695,id
อิเหนา #108,th
아리랑 #407,ko
伊豆の踊子 #90,ja
ABNKKBSNPLAko?! #512,fil
Cambodia's Curse #1093,km
소년이 온다 #442,ko
흰 #605,ko
Bidasari #511,ms
Voices from S-21 #214,km
สุภาพบุรุษจุฑาเทพ #897,th
呐喊 #112,zh
金瓶梅 #790,zh
白鹿原 #1025,zh
羊をめぐる冒険 #185,ja
Menara #739,ms
Interlok #707,ms
Hang Jebat Menderhaka #977,ms
金瓶梅 #1190,zh
Cambodia's Curse #213,km
活着 #422,zh
Voices from S-21 #714,km
ชาติหน้าขอให้พบกัน #1031,th
白鹿原 #1165,zh
Tenggelamnya Kapal Van Der Wijck #444,ms
How My Brother Leon Brought Home a Wife #679,fil
삼대 #231,ko
คำพิพากษา #163,th
เสือคำราม #1096,th
Hang Jebat Menderhaka #997,ms
작별인사 #443,ko
คำพิพากษา #443,th
How My Brother Leon Brought Home a Wife #1119,fil
水浒传 #928,zh
How My Brother Leon Brought Home a Wife #859,fil
Ang Paboritong Libro ni Hudas #130,fil
Rumah Kaca #704,id
白鹿原 #985,zh
朝花夕拾 #431,zh
พระอภัยมณี #1147,th
ข้าหลวง - Part 4,th
Padre Faura Witness the Execution of Rizal #1156,fil
红楼梦 #586,zh
Leftenan Adnan #456,ms
平凡的世界 #1164,zh
Supernova #218,id
Mga Ibong Mandaragit #907,fil
Leftenan Adnan #96,ms
春 #1178,zh
무진기행 #274,ko
완득이 #799,ko
春 #358,zh
彷徨 #113,zh
เลือดมังกร #612,th
西游记 #987,zh
Noli Me Tangere #981,fil
ตำนานสมเด็จพระนารายณ์ #575,th
Rice and Baguette (2019),km
무정 #129,ko
Never Fall Down #163,km
西游记: Volume 2,zh
아리랑 #347,ko
ฟ้าใหม่ #560,th
คนละฟากฟ้า #673,th
Laskar Pelangi #794,id
三体 #81,zh
Mat Jenin #1094,ms
こころ #306,ja
A Cambodian Prison Portrait #835,km
Kekasih Electra #333,ms
소년이 온다 #102,ko
한강 #244,ko
토지 #766,ko
พระอภัยมณี #407,th
山月記 #899,ja
Little Princes #558,km
Anak Semua Bangsa #222,id
El Filibusterismo #342,fil
작별인사 #143,ko
Leftenan Adnan #836,ms
살인자의 기억법 (2016),ko
The Gate #1126,km
三体 #961,zh
斜陽 #97,ja
細雪 #1134,ja
พระอภัยมณี #167,th
작별인사 #643,ko
ศรีบูรพา #1209,th
Mat Jenin #674,ms
痴人の愛 #1215,ja
家 #217,zh
The Death of Vishnu #1216,km
ฟ้าใหม่ - Part 10,th
斜陽 #757,ja
The Gate #106,km
山月記 #1019,ja
水浒传 #88,zh
Mat Jenin #1034,ms
Bamboo People #1077,km
Gadis Jolobu,ms
ข้าหลวง #454,th
斜陽 #677,ja
Lagenda Budak Setan #335,ms
春 #338,zh
Lagenda Budak Setan #1075,ms
태백산맥 #768,ko
Sejarah Melayu: Volume 2,ms
상록수 #470,ko
Layar Terkembang #247,id
Layar Terkembang #87,id
彷徨 #453,zh
秋 #999,zh
Little Princes #198,km
Cinta di Dalam Gelas #1217,id
작별인사 #283,ko
The Death of Vishnu #356,km
Siti Nurbaya #1006,id
围城,zh
Smaller and Smaller Circles #229,fil
รักไม่มีสิทธิ์ #1119,th
Children of Cambodia's Killing Fields #169,km
金瓶梅 #510,zh
ลูกอีสาน #1164,th
雪国 #209,ja
伊豆の踊子 #190,ja
서울 1964년 겨울 #1235,ko
Smaller and Smaller Circles: Volume 4,fil
人間失格 #836,ja
คนละฟากฟ้า #913,th
Cinta di Dalam Gelas #357,id
완득이,ko
Ang Paboritong Libro ni Hudas #610,fil
ตำนานสมเด็จพระนารายณ์,th
เสือคำราม #496,th
Siti Nurbaya #946,id
秋 #99,zh
Anak Mat Lela Gila #1169,ms
Sejarah Melayu #922,ms
Hang Jebat Menderhaka #1117,ms
Smaller and Smaller Circles #589,fil
Never Fall Down #1083,km
Gapo #1154,fil
소년이 온다 #1242,ko
First They Killed My Father #1121,km
彷徨,zh
คนละฟากฟ้า #773,th
ข้าหลวง #654,th
Cambodia's Curse #653,km
To Destroy You Is No Loss #208,km
Layar Terkembang #1067,id
รักไม่มีสิทธิ์ (2018),th
Little Princes #498,km
Sulalat al-Salatin #743,ms
토지 #546,ko
山月記 (2018),ja
한강 #1164,ko
Supernova #1098,id
Noli Me Tangere #261,fil
三体 #341,zh
Footnote to Youth #278,fil
살인자의 기억법 #577,ko
Voices from S-21 #1034,km
พระอภัยมณี #527,th
Sa Mga Kuko ng Liwanag #153,fil
เสือคำราม #536,th
아리랑 #447,ko
Noli Me Tangere #541,fil
상록수 #330,ko
風の歌を聴け #964,ja
細雪 #394,ja
난장이가 쏘아올린 작은 공 #552,ko
작별인사 #1103,ko
Survival in the Killing Fields (2011),km
Anak Semua Bangsa #342,id
ノルウェイの森 #1081,ja
家 #857,zh
When Broken Glass Floats #267,km
家 #197,zh
El Filibusterismo #462,fil
Footnote to Youth #818,fil
Hujan #300,id
7년의 밤 #898,ko
Pulang #913,id
Layar Terkembang #867,id
The Lost Executioner #1242,km
우리들의 행복한 시간 #620,ko
작별인사 #703,ko
อิเหนา #868,th
Ilustrado #1008,fil
무진기행 #1094,ko
Ayah #276,id
Sulalat al-Salatin #543,ms
Anak Mat Lela Gila #1209,ms
สี่แผ่นดิน #865,th
เลือดมังกร #172,th
살인자의 기억법 #1017,ko
Ang Paboritong Libro ni Hudas #990,fil
삼대 #571,ko
กุหลาบป่า #270,th
海辺のカフカ #643,ja
Mga Kuwento ni Lola Basyang #671,fil
水浒传 #848,zh
海辺のカフカ #1103,ja
Little Princes #358,km
呐喊 #352,zh
Ronggeng Dukuh Paruk #630,id
走れメロス #838,ja
Lelaki Harimau #832,id
Noli Me Tangere #1241,fil
狂人日记 #474,zh
Siti Nurbaya #886,id
Laskar Pelangi #1074,id
Never Fall Down #1023,km
El Filibusterismo #602,fil
Golden Bones #279,km
Smaller and Smaller Circles - Part 9,fil
สุภาพบุรุษจุฑาเทพ #717,th
무정 #1189,ko
秋 #259,zh
한강 #144,ko
Footnote to Youth #558,fil
ชาติหน้าขอให้พบกัน #1171,th
Belenggu #109,id
風の歌を聴け #944,ja
1Q84 #962,ja
ลูกอีสาน #664,th
坊っちゃん #547,ja
7년의 밤 #218,ko
Mga Kuwento ni Lola Basyang #1211,fil
May Day Eve #120,fil
Layar Terkembang: Volume 2,id
Footnote to Youth - Part 8,fil
In the Shadow of the Banyan,km
The Gate #366,km
Golden Bones - Part 9,km
ศรีบูรพา #169,th
Children of Cambodia's Killing Fields #709,km
When Broken Glass Floats #747,km
Merpati Putih Terbang Lagi #1152,ms
Sulalat al-Salatin #163,ms
Smaller and Smaller Circles #389,fil
Cantik Itu Luka #1211,id
ลูกอีสาน #164,th
Noli Me Tangere #1141,fil
Golden Bones #1219,km
ノルウェイの森 #641,ja
Anak Mat Lela Gila #609,ms
아리랑 #1167,ko
呐喊 #1212,zh
ABNKKBSNPLAko?! #812,fil
三体 #461,zh
平凡的世界 #304,zh
Bidasari #231,ms
水浒传 #128,zh
ด้วยรักและผูกพัน #282,th
Atheis #808,id
Ronggeng Dukuh Paruk - Part 10,id
무정 - Part 9,ko
Hujan #440,id
รักไม่มีสิทธิ์ #459,th
Pulang #533,id
The Lost Executioner #402,km
ฟ้าใหม่ #260,th
난장이가 쏘아올린 작은 공 #132,ko
Survival in the Killing Fields #892,km
채식주의자 #1041,ko
Children of Cambodia's Killing Fields #329,km
Noli Me Tangere #941,fil
To Destroy You Is No Loss #668,km
Ronggeng Dukuh Paruk #230,id
Golden Bones #499,km
山月記 #739,ja
Voices from S-21 #1014,km
Luha ng Buwaya #1225,fil
Cantik Itu Luka #591,id
Ranjau Sepanjang Jalan #468,ms
คำพิพากษา #363,th
Menara: Volume 4,ms
細雪 #594,ja
Bamboo People #357,km
斜陽 #1017,ja
ศรีบูรพา #1149,th
Anak Semua Bangsa #322,id
呐喊,zh
May Day Eve (2019),fil
The Lost Executioner #562,km
살인자의 기억법 #657,ko
1Q84 #922,ja
ตำนานสมเด็จพระนารายณ์ #515,th
彷徨 #973,zh
아리랑,ko
서울 1964년 겨울,ko
อิเหนา #548,th
한강 #224,ko
Survival in the Killing Fields #472,km
Hikayat Hang Tuah #881,ms
人間失格 (2015),ja
Kekasih Electra #1213,ms
西游记 #807,zh
First They Killed My Father #361,km
Rumah Kaca #524,id
ชาติหน้าขอให้พบกัน #831,th
Bamboo People #457,km
Mga Kuwento ni Lola Basyang #131,fil
ข้าหลวง #994,th
เลือดมังกร #772,th
Panglima Awang #1210,ms
Voices from S-21 #114,km
Sulalat al-Salatin - Part 3,ms
สี่แผ่นดิน #665,th
คนละฟากฟ้า #333,th
To Destroy You Is No Loss #708,km
Dekada '70 #1086,fil
舞姫 #120,ja
7년의 밤 #518,ko
西游记 #1107,zh
坊っちゃん #1107,ja
金瓶梅 #710,zh
破戒 #831,ja
狂人日记 #1154,zh
รักไม่มีสิทธิ์ #619,th
ข้าหลวง #514,th
광장 #573,ko
Ronggeng Dukuh Paruk #210,id
Interlok #527,ms
Merpati Putih Terbang Lagi #192,ms
細雪 #634,ja
Leftenan Adnan #1176,ms
In the Shadow of the Banyan #544,km
Never Fall Down #983,km
Mga Ibong Mandaragit #787,fil
Mga Ibong Mandaragit #947,fil
三体 #141,zh
Golden Bones #639,km
Menara #799,ms
Padre Faura Witness the Execution of Rizal #856,fil
ノルウェイの森 #521,ja
破戒 #1011,ja
Children of Cambodia's Killing Fields #969,km
Sulalat al-Salatin #583,ms
Cantik Itu Luka #971,id
狂人日记 #1074,zh
กุหลาบป่า #150,th
Luha ng Buwaya #405,fil
When Broken Glass Floats #567,km
Luha ng Buwaya #885,fil
Mga Kuwento ni Lola Basyang #851,fil
子夜 #596,zh
살인자의 기억법 #697,ko
Rice and Baguette #400,km
Mga Kuwento ni Lola Basyang #211,fil
海辺のカフカ - Part 3,ja
Lucky Child (2010),km
Rice and Baguette #940,km
난장이가 쏘아올린 작은 공 #752,ko
ลูกอีสาน #764,th
風の歌を聴け #1224,ja
金閣寺 #872,ja
朝花夕拾 #371,zh
채식주의자 #1001,ko
กุหลาบป่า #230,th
狂人日记 #554,zh
斜陽 #117,ja
風の歌を聴け #644,ja
阿Q正传 #955,zh
คำพิพากษา #303,th
สี่แผ่นดิน #885,th
Hang Jebat Menderhaka #597,ms
토지 #1166,ko
Leftenan Adnan (2015),ms
Hang Jebat Menderhaka #1197,ms
The Gate #446,km
Siti Nurbaya #306,id
The Rosales Saga #235,fil
จดหมายจากหมาเบื่อ #1001,th
El Filibusterismo #942,fil
Laskar Pelangi #254,id
คำพิพากษา #243,th
Menara #1119,ms
Negeri 5 Menara #1019,id
คำพิพากษา #503,th
白鹿原 #925,zh
Leftenan Adnan #936,ms
围城 #343,zh
Ang Paboritong Libro ni Hudas #930,fil
Gapo #874,fil
舞姫 #520,ja
Anak Semua Bangsa #142,id
Hujan #140,id
Sejarah Melayu #1002,ms
Jejak Langkah #1183,id
เลือดมังกร #92,th
舞姫 #440,ja
광장 #413,ko
雪国 #689,ja
Perburuan #945,id
Perburuan #1205,id
Voices from S-21 #1054,km
活着 #642,zh
กุหลาบป่า #590,th
เสือคำราม #996,th
A Cambodian Prison Portrait #115,km
กุหลาบป่า #130,th
西游记 #367,zh
人間失格 #996,ja
Rice and Baguette #1140,km
Dekada '70 #986,fil
Siti Nurbaya #1125,ms
สุภาพบุรุษจุฑาเทพ #917,th
To Destroy You Is No Loss #588,km
吾輩は猫である #488,ja
태백산맥 #488,ko
A Cambodian Prison Portrait #295,km
ABNKKBSNPLAko?! #192,fil
เสือคำราม #856,th
围城 #1203,zh
Mat Jenin #534,ms
朝花夕拾 #531,zh
Merpati Putih Terbang Lagi #372,ms
Perburuan #225,id
Ang Paboritong Libro ni Hudas #510,fil
한강 #264,ko
阿Q正传 #575,zh
무진기행 #974,ko
ขุนช้างขุนแผน #166,th
呐喊 #732,zh
Ang Paboritong Libro ni Hudas #350,fil
金瓶梅 #590,zh
Little Princes #598,km
Interlok #887,ms
When Broken Glass Floats #387,km
Penawar Bagi Hati #978,ms
Panglima Awang - Part 10,ms
ด้วยรักและผูกพัน #922,th
Ayah #516,id
阿Q正传 #795,zh
Padre Faura Witness the Execution of Rizal #876,fil
토지 #526,ko
작별인사 #763,ko
羊をめぐる冒険 #845,ja
The Lost Executioner #82,km
Bidasari (2010),ms
The Lost Executioner - Part 2,km
เลือดมังกร #212,th
서울 1964년 겨울 #595,ko
Hang Jebat Menderhaka #477,ms
한강 #744,ko
Interlok #567,ms
白鹿原 #85,zh
Atheis #148,id
Never Fall Down #463,km
Leftenan Adnan #276,ms
The Stones Cry Out #550,km
Cambodia's Curse,km
ABNKKBSNPLAko?! #232,fil
Tenggelamnya Kapal Van Der Wijck #864,ms
Interlok #467,ms
舞姫 #1040,ja
ฟ้าใหม่ #1020,th
围城 #643,zh
เลือดมังกร #472,th
The Rosales Saga #195,fil
活着 #862,zh
こころ #506,ja
작별인사 #1043,ko
白鹿原 - Part 5,zh
阿Q正传 #1055,zh
Lagenda Budak Setan #835,ms
朝花夕拾 #291,zh
子夜 #896,zh
Cantik Itu Luka #991,id
Golden Bones #519,km
Atheis #488,id
"Stay Alive, My Son #765",km
Menara #99,ms
Hang Jebat Menderhaka #737,ms
痴人の愛 #595,ja
May Day Eve #280,fil
Smaller and Smaller Circles #609,fil
Ilustrado #248,fil
Jejak Langkah #223,id
人間失格 #196,ja
The Stones Cry Out #850,km
Cantik Itu Luka #1231,id
秋 #719,zh
Cinta di Dalam Gelas #217,id
Interlok #967,ms
살인자의 기억법 #677,ko
破戒 #111,ja
風の歌を聴け #724,ja
Leftenan Adnan #156,ms
Banaag at Sikat #324,fil
山月記 #1079,ja
ตำนานสมเด็จพระนารายณ์ #335,th
Bamboo People #517,km
Atheis,id
작별인사 #683,ko
To Destroy You Is No Loss - Part 8,km
우리들의 행복한 시간 #920,ko
엄마를 부탁해 #616,ko
Penawar Bagi Hati #558,ms
子夜 #156,zh
Cinta di Dalam Gelas #917,id
Never Fall Down #423,km
Lelaki Harimau #872,id
金瓶梅 #750,zh
ABNKKBSNPLAko?! #312,fil
광장 (2012),ko
1Q84 #382,ja
人間失格 #436,ja
羊をめぐる冒険 #1105,ja
Survival in the Killing Fields #832,km
First They Killed My Father #301,km
Gadis Jolobu #100,ms
Atheis #1248,id
7년의 밤 #398,ko
Mga Kuwento ni Lola Basyang #1011,fil
細雪 #234,ja
破戒 #871,ja
三国演义 #1029,zh
Laskar Pelangi #1214,id
Siti Nurbaya #266,id
朝花夕拾 #1151,zh
살인자의 기억법 #417,ko
Ronggeng Dukuh Paruk #570,id
El Filibusterismo #1222,fil
Lelaki Harimau #212,id
三国演义 #489,zh
狂人日记,zh
상록수 #1250,ko
7년의 밤 #1138,ko
舞姫 #820,ja
Lelaki Harimau - Part 2,id
平凡的世界 #224,zh
Gapo #234,fil
白鹿原 #645,zh
ขุนช้างขุนแผน #206,th
Anak Mat Lela Gila #669,ms
西游记 #147,zh
A Cambodian Prison Portrait #415,km
Little Princes #1178,km
Interlok #827,ms
Layar Terkembang #927,id
El Filibusterismo #262,fil
토지 #366,ko
Florante at Laura #1143,fil
Golden Bones #379,km
彷徨 #173,zh
The Death of Vishnu #996,km
Siti Nurbaya #526,id
朝花夕拾 #311,zh
광장 #313,ko
มัจจุราชเริงรำ #758,th
海辺のカフカ #1083,ja
Layar Terkembang #167,id
El Filibusterismo #622,fil
Mga Ibong Mandaragit #687,fil
Ayah #976,id
金閣寺 #592,ja
Mga Kuwento ni Lola Basyang #691,fil
El Filibusterismo #82,fil
Panglima Awang #870,ms
Footnote to Youth #298,fil
Gadis Jolobu #1220,ms
Noli Me Tangere #1021,fil
Layar Terkembang #447,id
白鹿原 #885,zh
活着 #362,zh
상록수 #1010,ko
Hujan (2019),id
金閣寺 (2011),ja
Cinta di Dalam Gelas #777,id
ฟ้าใหม่ #160,th
Dekada '70 #826,fil
채식주의자 #261,ko
痴人の愛 #875,ja
雷雨 #940,zh
아리랑 #267,ko
May Day Eve #1220,fil
Lelaki Harimau #972,id
1Q84 #942,ja
Never Fall Down #223,km
子夜 #516,zh
Lagenda Budak Setan #1235,ms
Noli Me Tangere #1121,fil
삼대 #631,ko
狂人日记 #934,zh
Hujan #580,id
토지 - Part 6,ko
Mat Jenin (2013),ms
สี่แผ่นดิน #185,th
Sejarah Melayu #382,ms
To Destroy You Is No Loss #428,km
Merpati Putih Terbang Lagi #412,ms
呐喊 #1092,zh
Gapo #1194,fil
Lagenda Budak Setan #915,ms
Smaller and Smaller Circles #1009,fil
仮面の告白 #693,ja
ชาติหน้าขอให้พบกัน #131,th
เลือดมังกร #352,th
春 #778,zh
Laskar Pelangi #994,id
ขุนช้างขุนแผน #866,th
Ronggeng Dukuh Paruk #490,id
阿Q正传 #975,zh
三国演义 #1149,zh
소년이 온다 #382,ko
Sa Mga Kuko ng Liwanag #613,fil
작별인사 #523,ko
Lucky Child #351,km
흰 #925,ko
Noli Me Tangere #641,fil
คนละฟากฟ้า #393,th
Sulalat al-Salatin #1083,ms
Kekasih Electra #993,ms
토지 #306,ko
เสือคำราม #596,th
When Broken Glass Floats #427,km
Anak Semua Bangsa #382,id
Padre Faura Witness the Execution of Rizal #816,fil
채식주의자 #1081,ko
Bamboo People - Part 7,km
围城 #363,zh
雷雨 #960,zh
呐喊 #92,zh
Kekasih Electra,ms
난장이가 쏘아올린 작은 공 #592,ko
Mga Kuwento ni Lola Basyang #551,fil
春 #978,zh
红楼梦 #126,zh
Jejak Langkah #363,id
ด้วยรักและผูกพัน #82,th
The Gate #686,km
Hikayat Hang Tuah #1161,ms
Jejak Langkah #883,id
아리랑 #687,ko
Ranjau Sepanjang Jalan #828,ms
Little Princes #1018,km
To Destroy You Is No Loss #948,km
呐喊 #1132,zh
白鹿原 #865,zh
태백산맥 #888,ko
こころ #786,ja
Bumi Manusia #981,id
三体 - Part 1,zh
Layar Terkembang #807,id
Anak Mat Lela Gila #629,ms
Banaag at Sikat #944,fil
Hujan #1100,id
ศรีบูรพา (2008),th
Dead Stars #637,fil
Interlok #387,ms
三国演义 #1109,zh
The Gate #546,km
狂人日记 #114,zh
상록수 #310,ko
Little Princes #1238,km
Perburuan #165,id
난장이가 쏘아올린 작은 공 #1152,ko
Siti Nurbaya #1185,ms
우리들의 행복한 시간 #560,ko
雪国 #229,ja
When Broken Glass Floats #1047,km
흰 #105,ko
Cambodia's Curse #1173,km
Laskar Pelangi #754,id
Belenggu #1049,id
Penawar Bagi Hati #418,ms
Smaller and Smaller Circles #289,fil
平凡的世界 #464,zh
ข้าหลวง #714,th
斜陽 #477,ja
Ronggeng Dukuh Paruk #810,id
Siti Nurbaya #666,id
Siti Nurbaya #446,id
三体 #521,zh
흰 #385,ko
Merpati Putih Terbang Lagi #312,ms
Florante at Laura - Part 3,fil
雷雨 #1040,zh
Kekasih Electra #493,ms
무진기행 #914,ko
ABNKKBSNPLAko?! #492,fil
斜陽 #517,ja
風の歌を聴け #444,ja
The Stones Cry Out #470,km
Dekada '70 #266,fil
Hujan #600,id
ขุนช้างขุนแผน (2005),th
เสือคำราม #216,th
斜陽 (2016),ja
Luha ng Buwaya #465,fil
Cinta di Dalam Gelas #1237,id
Golden Bones #859,km
채식주의자 #301,ko
ฟ้าใหม่ #760,th
작별인사 #463,ko
風の歌を聴け #764,ja
채식주의자 #321,ko
羊をめぐる冒険 #245,ja
平凡的世界 #884,zh
Children of Cambodia's Killing Fields,km
The Rosales Saga #175,fil
When Broken Glass Floats #687,km
Cinta di Dalam Gelas #257,id
痴人の愛 #835,ja
เสือคำราม #816,th
斜陽 #277,ja
Ayah #896,id
Florante at Laura #903,fil
三国演义 #1129,zh
Tenggelamnya Kapal Van Der Wijck #344,ms
Golden Bones #139,km
Leftenan Adnan #176,ms
羊をめぐる冒険 #725,ja
春 #218,zh
こころ #526,ja
山月記 #399,ja
細雪 #654,ja
ตำนานสมเด็จพระนารายณ์ #895,th
彷徨 #413,zh
ノルウェイの森: Volume 1,ja
Hujan #1200,id
Lucky Child #491,km
มัจจุราชเริงรำ #618,th
Negeri 5 Menara #399,id
소년이 온다 #302,ko
상록수 #230,ko
朝花夕拾 #871,zh
Cambodia's Curse #473,km
家 #1157,zh
ノルウェイの森 #881,ja
Lucky Child: Volume 1,km
舞姫 #400,ja
무진기행 #754,ko
伊豆の踊子 #370,ja
7년의 밤 #1118,ko
광장 #93,ko
Ranjau Sepanjang Jalan #568,ms
Rice and Baguette #480,km
風の歌を聴け #504,ja
1Q84 #1122,ja
คำพิพากษา #183,th
우리들의 행복한 시간 - Part 10,ko
The Lost Executioner #922,km
Menara #779,ms
走れメロス #478,ja
Florante at Laura #943,fil
กุหลาบป่า #770,th
Florante at Laura #843,fil
Negeri 5 Menara #1119,id
Sang Pemimpi #675,id
Negeri 5 Menara #879,id
"Stay Alive, My Son #965",km
Smaller and Smaller Circles #349,fil
작별인사 #543,ko
May Day Eve #1100,fil
Laskar Pelangi #454,id
三体 #1101,zh
Siti Nurbaya #425,ms
西游记 #1247,zh
Never Fall Down #703,km
破戒 #1211,ja
海辺のカフカ #903,ja
작별인사 #183,ko
ตำนานสมเด็จพระนารายณ์ #955,th
坊っちゃん #327,ja
Mga Kuwento ni Lola Basyang #471,fil
In the Shadow of the Banyan #1024,km
細雪 #754,ja
ข้าหลวง #494,th
Panglima Awang #950,ms
子夜 #476,zh
仮面の告白 #993,ja
狂人日记: Volume 4,zh
Lelaki Harimau #272,id
Mga Kuwento ni Lola Basyang #151,fil
광장 #1173,ko
1Q84 #242,ja
A Cambodian Prison Portrait #95,km
海辺のカフカ #703,ja
Noli Me Tangere #601,fil
Sulalat al-Salatin #1183,ms
三国演义 (2008),zh
When Broken Glass Floats #1107,km
海辺のカフカ #523,ja
Bidasari #651,ms
春 #378,zh
走れメロス #818,ja
เสือคำราม: Volume 1,th
Atheis #588,id
Gadis Jolobu #540,ms
Ayah #296,id
Menara #139,ms
Interlok #427,ms
平凡的世界 #384,zh
소년이 온다 #642,ko
Sa Mga Kuko ng Liwanag #433,fil
Florante at Laura #1223,fil
To Destroy You Is No Loss #1008,km
Lelaki Harimau #672,id
Cambodia's Curse #713,km
吾輩は猫である #468,ja
토지 #1006,ko
Never Fall Down #943,km
Sa Mga Kuko ng Liwanag #393,fil
A Cambodian Prison Portrait #855,km
7년의 밤 #338,ko
Supernova #518,id
Ang Paboritong Libro ni Hudas #330,fil
山月記 #619,ja
Interlok #607,ms
平凡的世界 #664,zh
Anak Mat Lela Gila: Volume 4,ms
Negeri 5 Menara #819,id
살인자의 기억법 #1157,ko
A Cambodian Prison Portrait #1175,km
三体 #381,zh
Smaller and Smaller Circles #529,fil
山月記 #139,ja
こころ #906,ja
Golden Bones #339,km
Ang Paboritong Libro ni Hudas #1250,fil
Anak Semua Bangsa #442,id
Sang Pemimpi (2014),id
三体 #1181,zh
Voices from S-21 #794,km
Little Princes #1058,km
秋 #919,zh
Kekasih Electra #913,ms
To Destroy You Is No Loss #288,km
西游记 #907,zh
Footnote to Youth #318,fil
Little Princes #418,km
ノルウェイの森 #1141,ja
Cantik Itu Luka #111,id
红楼梦 #306,zh
呐喊 #192,zh
Leftenan Adnan #1116,ms
คำพิพากษา #1183,th
How My Brother Leon Brought Home a Wife: Volume 4,fil
흰 #205,ko
สุภาพบุรุษจุฑาเทพ #857,th
How My Brother Leon Brought Home a Wife #799,fil
ศรีบูรพา #129,th
Little Princes #918,km
走れメロス #538,ja
ลูกอีสาน #204,th
金瓶梅 #850,zh
태백산맥 #88,ko
มัจจุราชเริงรำ #878,th
红楼梦: Volume 1,zh
Ayah #556,id
Mga Ibong Mandaragit #447,fil
Sulalat al-Salatin #923,ms
狂人日记 #954,zh
รักไม่มีสิทธิ์ #179,th
มัจจุราชเริงรำ #578,th
阿Q正传 #315,zh
ศรีบูรพา #389,th
吾輩は猫である #1048,ja
Menara #659,ms
朝花夕拾 #1091,zh
광장 #473,ko
In the Shadow of the Banyan #404,km
Ilustrado #1128,fil
ノルウェイの森 #561,ja
Atheis #848,id
The Lost Executioner #1222,km
Perburuan #205,id
Ayah #336,id
Tenggelamnya Kapal Van Der Wijck (2003),ms
Salina #526,ms
Ilustrado #1028,fil
Ilustrado #568,fil
Pulang #1053,id
Supernova #1178,id
雷雨 #680,zh
삼대 #1011,ko
무정 #309,ko
Cinta di Dalam Gelas - Part 7,id
白鹿原 #185,zh
The Stones Cry Out #1050,km
Sulalat al-Salatin #603,ms
When Broken Glass Floats #827,km
斜陽 #597,ja
Little Princes #938,km
Perburuan #745,id
Children of Cambodia's Killing Fields #549,km
Mat Jenin - Part 4,ms
무진기행 #634,ko
Hikayat Hang Tuah #901,ms
Salina #806,ms
Penawar Bagi Hati #1158,ms
ノルウェイの森 #721,ja
ข้าหลวง #934,th
Cantik Itu Luka #711,id
7년의 밤 #1158,ko
A Cambodian Prison Portrait #675,km
서울 1964년 겨울 #635,ko
Sulalat al-Salatin #383,ms
Ayah #156,id
소년이 온다 #682,ko
กุหลาบป่า #430,th
จดหมายจากหมาเบื่อ #821,th
Penawar Bagi Hati #538,ms
ชาติหน้าขอให้พบกัน #931,th
Cinta di Dalam Gelas #557,id
破戒 #651,ja
ABNKKBSNPLAko?! #532,fil
ศรีบูรพา #329,th
Pulang #333,id
"Stay Alive, My Son #345",km
มัจจุราชเริงรำ #1118,th
ノルウェイの森 #1041,ja
ABNKKBSNPLAko?! #1012,fil
秋 #619,zh
Dekada '70 #406,fil
한강 #344,ko
Rumah Kaca (2003),id
태백산맥 #988,ko
Mga Kuwento ni Lola Basyang #331,fil
Gapo #594,fil
伊豆の踊子 #350,ja
Lagenda Budak Setan #1215,ms
삼대 #611,ko
西游记 #467,zh
Never Fall Down #83,km
When Broken Glass Floats #767,km
白鹿原 #345,zh
Lelaki Harimau #792,id
A Cambodian Prison Portrait #515,km
Anak Semua Bangsa #1202,id
무진기행 #234,ko
子夜 #776,zh
서울 1964년 겨울 #135,ko
仮面の告白 #553,ja
채식주의자 #441,ko
El Filibusterismo #222,fil
ตำนานสมเด็จพระนารายณ์ #435,th
Hikayat Hang Tuah #721,ms
Footnote to Youth #658,fil
Rice and Baguette #160,km
광장: Volume 3,ko
伊豆の踊子 #1110,ja
破戒 #791,ja
우리들의 행복한 시간 #1160,ko
围城 #623,zh
仮面の告白 #273,ja
ลูกอีสาน #444,th
Dead Stars #897,fil
Hikayat Hang Tuah #841,ms
Lucky Child #331,km
红楼梦 #846,zh
태백산맥 #948,ko
Laskar Pelangi #1114,id
Lucky Child #311,km
红楼梦 #1046,zh
ศรีบูรพา #889,th
Anak Semua Bangsa #942,id
El Filibusterismo #442,fil
Footnote to Youth #678,fil
เลือดมังกร #1192,th
The Gate #1026,km
"Stay Alive, My Son #685",km
난장이가 쏘아올린 작은 공 #192,ko
ข้าหลวง #694,th
子夜 #536,zh
1Q84 #142,ja
Pulang #393,id
人間失格 #856,ja
西游记 #967,zh
The Stones Cry Out #1250,km
First They Killed My Father #961,km
Interlok #1087,ms
Ilustrado #788,fil
Bamboo People #537,km
Rumah Kaca #364,id
The Lost Executioner #1202,km
Cantik Itu Luka #471,id
人間失格 #1096,ja
Never Fall Down #303,km
The Stones Cry Out #1170,km
ตำนานสมเด็จพระนารายณ์ #1195,th
อิเหนา #428,th
Gapo #274,fil
Pulang #1033,id
红楼梦 #566,zh
金瓶梅 #150,zh
秋 #1219,zh
水浒传 #688,zh
雷雨 #1060,zh
斜陽 #537,ja
斜陽 #457,ja
春 #718,zh
1Q84 #622,ja
สี่แผ่นดิน #725,th
무정 #809,ko
ข้าหลวง #894,th
เลือดมังกร #412,th
Salina #586,ms
海辺のカフカ #483,ja
Bumi Manusia #321,id
こころ #846,ja
红楼梦 #626,zh
Sejarah Melayu #1242,ms
First They Killed My Father #641,km
Pulang #573,id
金瓶梅,zh
ชาติหน้าขอให้พบกัน #451,th
Voices from S-21 #134,km
Supernova #278,id
白鹿原 #1105,zh
破戒 #151,ja
완득이 - Part 9,ko
ฟ้าใหม่ #1060,th
Laskar Pelangi #634,id
吾輩は猫である #588,ja
Florante at Laura #1183,fil
狂人日记 #814,zh
Layar Terkembang #327,id
家 #617,zh
ศรีบูรพา #109,th
围城 #123,zh
Children of Cambodia's Killing Fields #389,km
山月記 #419,ja
พระอภัยมณี #567,th
The Rosales Saga #455,fil
First They Killed My Father #401,km
เลือดมังกร #1172,th
Interlok #1167,ms
ด้วยรักและผูกพัน #682,th
Banaag at Sikat #644,fil
The Rosales Saga #655,fil
雪国 #569,ja
Menara #239,ms
พระอภัยมณี #787,th
金瓶梅 #190,zh
伊豆の踊子 #590,ja
รักไม่มีสิทธิ์ #379,th
ตำนานสมเด็จพระนารายณ์ #275,th
El Filibusterismo #802,fil
Golden Bones #679,km
สี่แผ่นดิน #245,th
海辺のカフカ #283,ja
Gapo #314,fil
흰 #885,ko
채식주의자 #681,ko
仮面の告白 #1113,ja
เลือดมังกร #932,th
무정 #689,ko
To Destroy You Is No Loss #768,km
白鹿原 #1005,zh
Belenggu #729,id
金閣寺 #432,ja
Ang Paboritong Libro ni Hudas #1110,fil
소년이 온다 #962,ko
ศรีบูรพา #609,th
Perburuan #105,id
삼대 #111,ko
Little Princes #1118,km
仮面の告白 #313,ja
Cinta di Dalam Gelas #637,id
Sang Pemimpi #475,id
ฟ้าใหม่ #240,th
红楼梦 #226,zh
토지 #1226,ko
ノルウェイの森 #181,ja
Salina #1186,ms
Hikayat Hang Tuah #801,ms
Dead Stars #377,fil
こころ,ja
Supernova #298,id
엄마를 부탁해 #996,ko
In the Shadow of the Banyan #784,km
มัจจุราชเริงรำ #698,th
서울 1964년 겨울 #735,ko
海辺のカフカ #303,ja
ขุนช้างขุนแผน #306,th
Sang Pemimpi #395,id
El Filibusterismo #562,fil
雷雨 #1020,zh
"Stay Alive, My Son #125",km
살인자의 기억법 #917,ko
Voices from S-21 #1234,km
Padre Faura Witness the Execution of Rizal #316,fil
Rice and Baguette #260,km
The Stones Cry Out #1230,km
Menara #599,ms
Florante at Laura #463,fil
Belenggu #369,id
Perburuan #85,id
斜陽 #857,ja
红楼梦 #486,zh
완득이 #719,ko
Ronggeng Dukuh Paruk #870,id
ABNKKBSNPLAko?! #172,fil
Negeri 5 Menara #839,id
Supernova #418,id
Siti Nurbaya,ms
Ang Paboritong Libro ni Hudas #1070,fil
Bamboo People #297,km
ศรีบูรพา #569,th
秋 #1239,zh
Tenggelamnya Kapal Van Der Wijck #584,ms
Padre Faura Witness the Execution of Rizal #996,fil
สุภาพบุรุษจุฑาเทพ #437,th
Ayah #996,id
Kekasih Electra #413,ms
呐喊 #1012,zh
三国演义 #289,zh
Voices from S-21 #414,km
When Broken Glass Floats #1187,km
한강 #284,ko
羊をめぐる冒険 #1025,ja
金瓶梅 #950,zh
Ranjau Sepanjang Jalan: Volume 3,ms
呐喊 #812,zh
삼대 #471,ko
El Filibusterismo #722,fil
Siti Nurbaya #445,ms
완득이 #1099,ko
細雪 #354,ja
吾輩は猫である #968,ja
風の歌を聴け: Volume 4,ja
風の歌を聴け #1164,ja
Merpati Putih Terbang Lagi (2011),ms
รักไม่มีสิทธิ์ #959,th
엄마를 부탁해 #196,ko
三体 #421,zh
Ang Paboritong Libro ni Hudas #1090,fil
Padre Faura Witness the Execution of Rizal #196,fil
舞姫: Volume 5,ja
Belenggu #709,id
人間失格 #516,ja
海辺のカフカ #1003,ja
Banaag at Sikat #404,fil
엄마를 부탁해 #216,ko
狂人日记 #1234,zh
มัจจุราชเริงรำ #1238,th
春 #478,zh
Rumah Kaca #784,id
こころ #706,ja
Penawar Bagi Hati #1038,ms
Ang Paboritong Libro ni Hudas #830,fil
活着: Volume 2,zh
Dekada '70 #1046,fil
May Day Eve #260,fil
红楼梦 #1106,zh
海辺のカフカ #83,ja
Gadis Jolobu #640,ms
The Lost Executioner (2001),km
子夜 #1016,zh
Ilustrado #1228,fil
細雪 #554,ja
Sulalat al-Salatin #903,ms
To Destroy You Is No Loss #388,km
Voices from S-21 #754,km
Hujan #700,id
こころ #866,ja
Mat Jenin #1154,ms
活着 #1162,zh
Salina #566,ms
มัจจุราชเริงรำ #198,th
Mga Ibong Mandaragit #467,fil
Kekasih Electra #693,ms
Rice and Baguette #500,km
Luha ng Buwaya #185,fil
雪国 #1189,ja
Lucky Child #711,km
Ayah #656,id
走れメロス #1118,ja
Bamboo People #917,km
Florante at Laura #263,fil
西游记 #867,zh
活着 #182,zh
살인자의 기억법 #277,ko
7년의 밤 #478,ko
A Cambodian Prison Portrait #575,km
Ang Paboritong Libro ni Hudas #270,fil
吾輩は猫である #408,ja
รักไม่มีสิทธิ์ #559,th
무진기행 #594,ko
ชาติหน้าขอให้พบกัน #671,th
彷徨 #1053,zh
광장 #773,ko
Salina #1106,ms
The Lost Executioner #482,km
Atheis #988,id
สุภาพบุรุษจุฑาเทพ,th
채식주의자 #981,ko
ノルウェイの森 #981,ja
"Stay Alive, My Son #865",km
Children of Cambodia's Killing Fields: Volume 4,km
Hujan #760,id
A Cambodian Prison Portrait #1135,km
Ayah - Part 6,id
The Death of Vishnu #616,km
斜陽 - Part 7,ja
Menara (2018),ms
เสือคำราม #936,th
Dekada '70 #846,fil
白鹿原 #1185,zh
Cantik Itu Luka #1111,id
呐喊 #172,zh
红楼梦 #646,zh
仮面の告白 #913,ja
Florante at Laura: Volume 3,fil
呐喊 #432,zh
人間失格 #536,ja
ABNKKBSNPLAko?! #92,fil
白鹿原 #445,zh
May Day Eve #960,fil
กุหลาบป่า,th
Noli Me Tangere (2000),fil
A Cambodian Prison Portrait #935,km
Belenggu #1209,id
围城 #103,zh
Cambodia's Curse #533,km
The Gate #586,km
Tenggelamnya Kapal Van Der Wijck #604,ms
伊豆の踊子 #230,ja
細雪 #294,ja
Lucky Child #911,km
こころ #386,ja
อิเหนา #728,th
Anak Semua Bangsa #662,id
Sa Mga Kuko ng Liwanag #593,fil
Gadis Jolobu #700,ms
Bamboo People #777,km
흰 #845,ko
Lelaki Harimau #332,id
Interlok #267,ms
Banaag at Sikat #344,fil
三国演义 #509,zh
仮面の告白 #533,ja
คนละฟากฟ้า #753,th
จดหมายจากหมาเบื่อ #221,th
Ranjau Sepanjang Jalan #368,ms
平凡的世界 #824,zh
風の歌を聴け #1124,ja
Tenggelamnya Kapal Van Der Wijck #924,ms
Mga Ibong Mandaragit #87,fil
Bamboo People #237,km
Interlok #1127,ms
완득이 #919,ko
El Filibusterismo #362,fil
Lagenda Budak Setan #995,ms
春 #178,zh
Bidasari #391,ms
破戒 #1091,ja
ฟ้าใหม่ #1000,th
ฟ้าใหม่ #920,th
Gadis Jolobu #360,ms
Florante at Laura #643,fil
When Broken Glass Floats #967,km
First They Killed My Father #481,km
Gapo #694,fil
무진기행 #814,ko
阿Q正传 #295,zh
三体 #1081,zh
ฟ้าใหม่ #940,th
Leftenan Adnan #376,ms
엄마를 부탁해 #96,ko
소년이 온다 #1202,ko
Dekada '70 #1186,fil
Rumah Kaca #104,id
金瓶梅 #1010,zh
Mat Jenin: Volume 4,ms
Mga Ibong Mandaragit #1027,fil
Ayah #636,id
呐喊 #292,zh
Padre Faura Witness the Execution of Rizal #116,fil
伊豆の踊子 #930,ja
Belenggu #409,id
Salina - Part 6,ms
El Filibusterismo #102,fil
มัจจุราชเริงรำ #358,th
Lucky Child #931,km
細雪 #734,ja
완득이 #759,ko
ノルウェイの森 #381,ja
Cantik Itu Luka #1031,id
Gadis Jolobu #600,ms
山月記 #539,ja
Survival in the Killing Fields #232,km
Lucky Child #691,km
흰 #445,ko
Children of Cambodia's Killing Fields #1229,km
엄마를 부탁해 #416,ko
Sang Pemimpi #655,id
Dekada '70 #246,fil
Perburuan #845,id
細雪 #154,ja
서울 1964년 겨울 #195,ko
채식주의자 #201,ko
소년이 온다 #1002,ko
Anak Mat Lela Gila #89,ms
พระอภัยมณี #1067,th
Penawar Bagi Hati #658,ms
活着 #1122,zh
아리랑 #627,ko
春 #938,zh
家 #357,zh
1Q84 #422,ja
呐喊 #1072,zh
子夜 #216,zh
When Broken Glass Floats #547,km
Lelaki Harimau: Volume 2,id
Ang Paboritong Libro ni Hudas #230,fil
風の歌を聴け #864,ja
Jejak Langkah #103,id
Noli Me Tangere #1101,fil
Menara #1199,ms
คนละฟากฟ้า #813,th
Hikayat Hang Tuah #401,ms
Laskar Pelangi #1094,id
เลือดมังกร #532,th
삼대 #511,ko
Laskar Pelangi #94,id
Hujan,id
서울 1964년 겨울 #795,ko
Ronggeng Dukuh Paruk #510,id
กุหลาบป่า #1070,th
Sejarah Melayu #962,ms
ชาติหน้าขอให้พบกัน #1111,th
Rice and Baguette #980,km
"Stay Alive, My Son #885",km
Menara #159,ms
狂人日记 #834,zh
痴人の愛 #515,ja
Salina #946,ms
Children of Cambodia's Killing Fields #529,km
Anak Mat Lela Gila #429,ms
ตำนานสมเด็จพระนารายณ์ #815,th
Merpati Putih Terbang Lagi #1192,ms
Golden Bones #439,km
白鹿原 #845,zh
人間失格 #316,ja
Lelaki Harimau #572,id
한강 #1144,ko
The Rosales Saga #395,fil
สี่แผ่นดิน #145,th
海辺のカフカ #1163,ja
Banaag at Sikat #504,fil
Bumi Manusia #201,id
Pulang #113,id
Lucky Child #431,km
吾輩は猫である #768,ja
Panglima Awang #810,ms
Hang Jebat Menderhaka #437,ms
Bamboo People #317,km
Mat Jenin #394,ms
Cambodia's Curse #1073,km
伊豆の踊子 #990,ja
Ranjau Sepanjang Jalan #748,ms
Hikayat Hang Tuah #601,ms
จดหมายจากหมาเบื่อ #741,th
Little Princes #778,km
Leftenan Adnan #116,ms
Siti Nurbaya #945,ms
Hikayat Hang Tuah #1141,ms
痴人の愛 #955,ja
走れメロス #898,ja
水浒传 #528,zh
엄마를 부탁해 #1116,ko
ด้วยรักและผูกพัน #1002,th
The Gate #746,km
Ranjau Sepanjang Jalan,ms
Jejak Langkah #243,id
How My Brother Leon Brought Home a Wife #179,fil
Dead Stars #137,fil
Gadis Jolobu #660,ms
작별인사 #1063,ko
Ronggeng Dukuh Paruk #710,id
To Destroy You Is No Loss #148,km
Ayah #856,id
坊っちゃん #687,ja
金閣寺 #92,ja
ศรีบูรพา #269,th
ศรีบูรพา #629,th
Banaag at Sikat #1224,fil
Survival in the Killing Fields #92,km
Leftenan Adnan #796,ms
상록수 #730,ko
Kekasih Electra #293,ms
El Filibusterismo - Part 2,fil
家 #337,zh
Cinta di Dalam Gelas #377,id
삼대 #831,ko
아리랑 #207,ko
รักไม่มีสิทธิ์ #259,th
Bidasari #831,ms
Anak Semua Bangsa #982,id
ノルウェイの森 #481,ja
Little Princes #378,km
子夜 #836,zh
The Stones Cry Out #690,km
Banaag at Sikat #124,fil
子夜 #1136,zh
Perburuan #565,id
Supernova #738,id
The Gate #266,km
Ronggeng Dukuh Paruk #330,id
舞姫 #760,ja
風の歌を聴け #304,ja
Dekada '70 #1246,fil
คำพิพากษา #923,th
Leftenan Adnan #916,ms
Never Fall Down: Volume 3,km
"Stay Alive, My Son #145",km
Rumah Kaca #1144,id
ศรีบูรพา #1009,th
Hujan #960,id
El Filibusterismo #1002,fil
Golden Bones #959,km
Leftenan Adnan #196,ms
채식주의자,ko
Negeri 5 Menara #579,id
Sulalat al-Salatin #223,ms
舞姫 #1220,ja
秋 #179,zh
Sa Mga Kuko ng Liwanag #1073,fil
จดหมายจากหมาเบื่อ #501,th
เลือดมังกร #512,th
Anak Mat Lela Gila #449,ms
First They Killed My Father #1141,km
围城 #203,zh
秋 #679,zh
The Death of Vishnu #836,km
Noli Me Tangere #701,fil
围城 #1123,zh
痴人の愛 #1115,ja
First They Killed My Father #601,km
Lagenda Budak Setan #155,ms
ตำนานสมเด็จพระนารายณ์ #995,th
เสือคำราม #476,th
阿Q正传 #855,zh
สี่แผ่นดิน #445,th
รักไม่มีสิทธิ์ #779,th
Sang Pemimpi #635,id
Pulang #833,id
Kekasih Electra - Part 3,ms
Dekada '70 #426,fil
Panglima Awang #1190,ms
西游记 #247,zh
金閣寺 #312,ja
Laskar Pelangi #494,id
三体 #801,zh
Mat Jenin #814,ms
金瓶梅 #270,zh
Bidasari #171,ms
坊っちゃん #607,ja
Negeri 5 Menara #239,id
Sa Mga Kuko ng Liwanag #353,fil
Bumi Manusia #361,id
Mat Jenin #1014,ms
Florante at Laura #923,fil
Pulang #713,id
ノルウェイの森 #801,ja
Survival in the Killing Fields #772,km
Laskar Pelangi #934,id
Dead Stars #737,fil
斜陽,ja
Sejarah Melayu #982,ms
Lucky Child #1031,km
Pulang (2012),id
Hikayat Hang Tuah #281,ms
Mat Jenin #574,ms
Cinta di Dalam Gelas #237,id
ด้วยรักและผูกพัน: Volume 2,th
伊豆の踊子 - Part 10,ja
斜陽 #937,ja
อิเหนา #128,th
家 #377,zh
Laskar Pelangi #234,id
เลือดมังกร #1012,th
Golden Bones #579,km
한강 (2003),ko
How My Brother Leon Brought Home a Wife #359,fil
三国演义 #629,zh
Bumi Manusia #781,id
คนละฟากฟ้า #233,th
Bidasari #1171,ms
Rice and Baguette #140,km
Ranjau Sepanjang Jalan #288,ms
เสือคำราม #96,th
Ranjau Sepanjang Jalan #728,ms
Bamboo People #117,km
ศรีบูรพา #249,th
ABNKKBSNPLAko?! #1192,fil
秋 #199,zh
Sa Mga Kuko ng Liwanag #93,fil
金閣寺 #972,ja
Kekasih Electra #233,ms
How My Brother Leon Brought Home a Wife #819,fil
Survival in the Killing Fields #132,km
The Death of Vishnu #1016,km
토지 #246,ko
呐喊 #672,zh
Sejarah Melayu #542,ms
Hujan #920,id
金瓶梅 #830,zh
Dekada '70 #566,fil
Kekasih Electra #853,ms
Supernova #778,id
จดหมายจากหมาเบื่อ #161,th
Cinta di Dalam Gelas #1177,id
คำพิพากษา #863,th
สี่แผ่นดิน #965,th
Rumah Kaca #684,id
狂人日记 #314,zh
살인자의 기억법 #357,ko
Sulalat al-Salatin #1123,ms
태백산맥 #1248,ko
ABNKKBSNPLAko?! #992,fil
Anak Semua Bangsa #282,id
Sejarah Melayu #1202,ms
작별인사 #823,ko
When Broken Glass Floats #1247,km
Bumi Manusia #621,id
山月記 #939,ja
무진기행 #1014,ko
Merpati Putih Terbang Lagi #212,ms
Golden Bones #459,km
กุหลาบป่า #890,th
風の歌を聴け #604,ja
Pulang #1133,id
Dekada '70 #746,fil
金瓶梅 #870,zh
Interlok - Part 7,ms
Hang Jebat Menderhaka: Volume 2,ms
Bumi Manusia #1181,id
Dekada '70 #726,fil
伊豆の踊子 #1130,ja
El Filibusterismo #1062,fil
Kekasih Electra #1093,ms
風の歌を聴け #284,ja
破戒 #371,ja
พระอภัยมณี #267,th
Hang Jebat Menderhaka #637,ms
May Day Eve #520,fil
雷雨 #780,zh
Little Princes #298,km
ด้วยรักและผูกพัน #222,th
Cambodia's Curse #413,km
Rumah Kaca #864,id
Banaag at Sikat #164,fil
Dead Stars #997,fil
ตำนานสมเด็จพระนารายณ์ #295,th
Golden Bones #1179,km
난장이가 쏘아올린 작은 공 #932,ko
First They Killed My Father #981,km
彷徨 #633,zh
雪国 #449,ja
한강 #124,ko
山月記 #1139,ja
海辺のカフカ #383,ja
The Death of Vishnu - Part 6,km
走れメロス #1158,ja
상록수 #930,ko
ข้าหลวง #794,th
斜陽 #877,ja
살인자의 기억법 #237,ko
水浒传 #1168,zh
เลือดมังกร #832,th
Anak Semua Bangsa (2001),id
When Broken Glass Floats: Volume 2,km
รักไม่มีสิทธิ์ #1019,th
Rumah Kaca #404,id
The Rosales Saga #795,fil
Hikayat Hang Tuah #421,ms
坊っちゃん #987,ja
Ilustrado - Part 8,fil
Footnote to Youth #1058,fil
พระอภัยมณี #867,th
Rice and Baguette #1080,km
상록수 #530,ko
삼대 #891,ko
Ang Paboritong Libro ni Hudas #470,fil
子夜 #236,zh
Leftenan Adnan #1076,ms
平凡的世界 #144,zh
三国演义 #729,zh
서울 1964년 겨울 (2014),ko
走れメロス #1198,ja
The Lost Executioner #902,km
彷徨 #893,zh
Gadis Jolobu #820,ms
平凡的世界 (2003),zh
羊をめぐる冒険 #945,ja
The Death of Vishnu #536,km
สี่แผ่นดิน #545,th
Pulang #313,id
สุภาพบุรุษจุฑาเทพ #1157,th
ลูกอีสาน #224,th
How My Brother Leon Brought Home a Wife #159,fil
舞姫 #960,ja
สี่แผ่นดิน #265,th
First They Killed My Father #781,km
红楼梦 #986,zh
มัจจุราชเริงรำ #278,th
ABNKKBSNPLAko?!: Volume 2,fil
Siti Nurbaya - Part 6,id
Cambodia's Curse #673,km
토지 #666,ko
阿Q正传 #535,zh
Rumah Kaca #124,id
Mga Kuwento ni Lola Basyang #1031,fil
Noli Me Tangere #1181,fil
白鹿原 #945,zh
Jejak Langkah (2002),id
มัจจุราชเริงรำ #778,th
คนละฟากฟ้า #193,th
The Death of Vishnu #496,km
Supernova #618,id
Panglima Awang #890,ms
มัจจุราชเริงรำ #818,th
Layar Terkembang #107,id
Survival in the Killing Fields #952,km
Atheis #168,id
Penawar Bagi Hati #478,ms
水浒传 #728,zh
羊をめぐる冒険 #965,ja
태백산맥 #788,ko
1Q84: Volume 2,ja
ข้าหลวง #234,th
細雪 #1034,ja
Laskar Pelangi #154,id
완득이 #439,ko
The Stones Cry Out #790,km
มัจจุราชเริงรำ (2017),th
How My Brother Leon Brought Home a Wife #419,fil
羊をめぐる冒険 #125,ja
斜陽 #837,ja
Siti Nurbaya #326,id
Negeri 5 Menara (2018),id
Hikayat Hang Tuah #1041,ms
三体 #201,zh
Footnote to Youth #958,fil
Atheis #728,id
羊をめぐる冒険 #365,ja
Survival in the Killing Fields #752,km
1Q84 #82,ja
ศรีบูรพา #409,th
吾輩は猫である #648,ja
รักไม่มีสิทธิ์ #979,th
우리들의 행복한 시간 #960,ko
สี่แผ่นดิน #605,th
소년이 온다 #1222,ko
Penawar Bagi Hati #338,ms
태백산맥 #448,ko
Laskar Pelangi #854,id
狂人日记 #274,zh
Footnote to Youth (2017),fil
삼대 #251,ko
Children of Cambodia's Killing Fields #829,km
ลูกอีสาน #604,th
Ilustrado #588,fil
To Destroy You Is No Loss #848,km
Belenggu #829,id
Perburuan #1105,id
走れメロス #1018,ja
คนละฟากฟ้า #713,th
ABNKKBSNPLAko?! #452,fil
金閣寺 #832,ja
Survival in the Killing Fields #872,km
三国演义 #329,zh
坊っちゃん #747,ja
Jejak Langkah #703,id
Florante at Laura #243,fil
Penawar Bagi Hati #598,ms
Golden Bones #239,km
金瓶梅 #310,zh
吾輩は猫である #1188,ja
海辺のカフカ #1223,ja
จดหมายจากหมาเบื่อ #961,th
The Gate #966,km
Dekada '70 (2005),fil
Laskar Pelangi #214,id
เสือคำราม #1076,th
狂人日记 #494,zh
Anak Semua Bangsa #722,id
Lelaki Harimau #372,id
Layar Terkembang #487,id
Interlok #167,ms
山月記 #679,ja
Children of Cambodia's Killing Fields #649,km
Mga Kuwento ni Lola Basyang #591,fil
Hujan #280,id
Footnote to Youth #258,fil
Ronggeng Dukuh Paruk #130,id
Noli Me Tangere: Volume 1,fil
서울 1964년 겨울 #1215,ko
活着 - Part 2,zh
伊豆の踊子 #950,ja
Perburuan #725,id
มัจจุราชเริงรำ #378,th
Tenggelamnya Kapal Van Der Wijck #884,ms
Lucky Child #651,km
平凡的世界 #344,zh
완득이 #619,ko
Siti Nurbaya #265,ms
작별인사 #963,ko
羊をめぐる冒険 #1225,ja
Ranjau Sepanjang Jalan #128,ms
Gadis Jolobu #220,ms
围城 #283,zh
西游记 #887,zh
雷雨 #580,zh
สุภาพบุรุษจุฑาเทพ #817,th
The Rosales Saga #1015,fil
상록수 #1230,ko
子夜 #396,zh
三体 #901,zh
Florante at Laura #443,fil
Panglima Awang #1230,ms
人間失格 #1176,ja
엄마를 부탁해 #556,ko
The Stones Cry Out #830,km
Survival in the Killing Fields #372,km
Little Princes #318,km
彷徨 #513,zh
Cantik Itu Luka #131,id
Ranjau Sepanjang Jalan #1248,ms
무정 #1149,ko
7년의 밤 #358,ko
우리들의 행복한 시간: Volume 5,ko
คำพิพากษา #903,th
Lagenda Budak Setan #215,ms
山月記 #379,ja
围城 #163,zh
Sang Pemimpi #1195,id
무정 #529,ko
Survival in the Killing Fields #792,km
呐喊 #252,zh
กุหลาบป่า #370,th
山月記 #339,ja
Gadis Jolobu #460,ms
Noli Me Tangere #1061,fil
破戒 #471,ja
완득이 #1039,ko
Golden Bones #619,km
狂人日记 #674,zh
작별인사 #903,ko
Supernova #918,id
광장 #513,ko
Menara #439,ms
Panglima Awang #590,ms
ชาติหน้าขอให้พบกัน #331,th
무정 #469,ko
Layar Terkembang #627,id
Banaag at Sikat #1024,fil
กุหลาบป่า: Volume 5,th
三国演义 #749,zh
작별인사 #503,ko
Belenggu #589,id
The Gate #866,km
Anak Semua Bangsa - Part 2,id
살인자의 기억법 #957,ko
อิเหนา #1228,th
When Broken Glass Floats #807,km
破戒 #331,ja
상록수 #790,ko
삼대 #151,ko
Hujan #1240,id
Padre Faura Witness the Execution of Rizal #276,fil
1Q84 - Part 2,ja
舞姫 #620,ja
Ang Paboritong Libro ni Hudas #450,fil
Anak Semua Bangsa #802,id
水浒传: Volume 3,zh
雪国 #889,ja
彷徨 #813,zh
Hujan #980,id
ข้าหลวง #614,th
Sang Pemimpi #255,id
走れメロス #558,ja
Lucky Child #991,km
舞姫 #220,ja
완득이 #679,ko
เสือคำราม #796,th
秋 #519,zh
Smaller and Smaller Circles #469,fil
Ronggeng Dukuh Paruk #1130,id
Smaller and Smaller Circles #1209,fil
Siti Nurbaya: Volume 1,id
Florante at Laura #1023,fil
呐喊 #792,zh
Ronggeng Dukuh Paruk #1210,id
Survival in the Killing Fields #612,km
Anak Mat Lela Gila #549,ms
活着 #1022,zh
The Stones Cry Out #990,km
Pulang #253,id
เลือดมังกร #952,th
Negeri 5 Menara #1179,id
Ilustrado #288,fil
ขุนช้างขุนแผน #126,th
Survival in the Killing Fields #492,km
白鹿原 #1245,zh
羊をめぐる冒険 #665,ja
Atheis #408,id
Sulalat al-Salatin #723,ms
Interlok #947,ms
The Death of Vishnu #1176,km
The Rosales Saga #1175,fil
ด้วยรักและผูกพัน #902,th
엄마를 부탁해 #376,ko
ข้าหลวง #114,th
El Filibusterismo #762,fil
토지 #966,ko
山月記: Volume 4,ja
围城 #403,zh
Sulalat al-Salatin #983,ms
Ronggeng Dukuh Paruk #310,id
무진기행 (2013),ko
Footnote to Youth #998,fil
Mat Jenin #254,ms
狂人日记 #874,zh
Anak Mat Lela Gila #789,ms
Menara #1219,ms
围城 #1183,zh
Interlok #907,ms
ノルウェイの森 #1021,ja
In the Shadow of the Banyan #104,km
The Stones Cry Out #1190,km
Lagenda Budak Setan #675,ms
活着 #802,zh
우리들의 행복한 시간 #940,ko
Perburuan #605,id
First They Killed My Father #1081,km
Luha ng Buwaya #345,fil
羊をめぐる冒険 #305,ja
ชาติหน้าขอให้พบกัน #611,th
雷雨 #900,zh
Cinta di Dalam Gelas #1117,id
아리랑 #1227,ko
Never Fall Down #403,km
Mat Jenin #174,ms
Lagenda Budak Setan #615,ms
Layar Terkembang #1247,id
The Gate #766,km
한강 #84,ko
Noli Me Tangere #341,fil
Gapo #1054,fil
สุภาพบุรุษจุฑาเทพ #597,th
서울 1964년 겨울 #1095,ko
กุหลาบป่า #930,th
Padre Faura Witness the Execution of Rizal #956,fil
เสือคำราม,th
สุภาพบุรุษจุฑาเทพ #1017,th
Sang Pemimpi #355,id
Rice and Baguette #420,km
羊をめぐる冒険 #1205,ja
The Stones Cry Out #150,km
Atheis #208,id
西游记 #1027,zh
Sang Pemimpi #1095,id
Hikayat Hang Tuah #1081,ms
ฟ้าใหม่,th
人間失格 #616,ja
광장 - Part 3,ko
ลูกอีสาน #1244,th
Ranjau Sepanjang Jalan #928,ms
한강: Volume 4,ko
西游记 #667,zh
舞姫 #480,ja
坊っちゃん: Volume 2,ja
風の歌を聴け #424,ja
こころ #1106,ja
Laskar Pelangi #874,id
Merpati Putih Terbang Lagi #232,ms
白鹿原 #705,zh
Sejarah Melayu #1182,ms
The Stones Cry Out #490,km
山月記 #479,ja
Menara #679,ms
The Stones Cry Out #930,km
平凡的世界 #744,zh
活着 #262,zh
Bidasari #871,ms
토지 #786,ko
呐喊 #492,zh
Hikayat Hang Tuah #981,ms
아리랑 #887,ko
한강 #604,ko
อิเหนา #748,th
細雪 #514,ja
Anak Mat Lela Gila #749,ms
Penawar Bagi Hati #1198,ms
완득이 #879,ko
7년의 밤 #918,ko
รักไม่มีสิทธิ์ #1079,th
무정 #569,ko
羊をめぐる冒険 #905,ja
Rice and Baguette #380,km
소년이 온다 #1042,ko
西游记 #567,zh
Atheis #1008,id
Bumi Manusia #441,id
Banaag at Sikat #464,fil
아리랑 #467,ko
雪国 #509,ja
Anak Mat Lela Gila #889,ms
Lagenda Budak Setan #315,ms
Jejak Langkah #983,id
Lelaki Harimau #1012,id
Cambodia's Curse #173,km
坊っちゃん #627,ja
活着 #782,zh
"Stay Alive, My Son #725",km
Luha ng Buwaya #285,fil
ขุนช้างขุนแผน #746,th
ノルウェイの森 #281,ja
Rice and Baguette #700,km
Atheis #248,id
阿Q正传 #275,zh
상록수 #590,ko
ABNKKBSNPLAko?! #1072,fil
한강 #1004,ko
How My Brother Leon Brought Home a Wife #479,fil
Merpati Putih Terbang Lagi #712,ms
서울 1964년 겨울 #355,ko
In the Shadow of the Banyan #264,km
คนละฟากฟ้า #893,th
First They Killed My Father #881,km
태백산맥 #1008,ko
무진기행 #734,ko
水浒传,zh
Survival in the Killing Fields: Volume 2,km
坊っちゃん #667,ja
ลูกอีสาน #1124,th
Florante at Laura #163,fil
Smaller and Smaller Circles #1189,fil
朝花夕拾 #1011,zh
Gapo #794,fil
伊豆の踊子 #510,ja
How My Brother Leon Brought Home a Wife #919,fil
The Gate #1206,km
海辺のカフカ #1063,ja
金閣寺 #1172,ja
Bumi Manusia #101,id
삼대 #651,ko
สุภาพบุรุษจุฑาเทพ #517,th
아리랑 #1127,ko
The Gate: Volume 1,km
무진기행 #154,ko
阿Q正传 #95,zh
ตำนานสมเด็จพระนารายณ์ #855,th
羊をめぐる冒険 #105,ja
阿Q正传 #615,zh
Cinta di Dalam Gelas #677,id
Footnote to Youth #938,fil
소년이 온다: Volume 2,ko
엄마를 부탁해 #276,ko
무정 #729,ko
ตำนานสมเด็จพระนารายณ์ #735,th
羊をめぐる冒険 #785,ja
How My Brother Leon Brought Home a Wife #219,fil
金閣寺 #1012,ja
May Day Eve #1000,fil
Bamboo People #797,km
三体 #1141,zh
When Broken Glass Floats #147,km
ABNKKBSNPLAko?! #952,fil
Never Fall Down #243,km
Anak Semua Bangsa #902,id
완득이 #1179,ko
ด้วยรักและผูกพัน #522,th
Ronggeng Dukuh Paruk #530,id
Ronggeng Dukuh Paruk #850,id
สี่แผ่นดิน #405,th
風の歌を聴け #184,ja
Salina #1006,ms
살인자의 기억법 #317,ko
서울 1964년 겨울 #755,ko
Mga Kuwento ni Lola Basyang #631,fil
무정 #149,ko
พระอภัยมณี #107,th
Sang Pemimpi #1055,id
Noli Me Tangere #81,fil
活着 #982,zh
Golden Bones #479,km
こころ #1206,ja
Dead Stars #1237,fil
มัจจุราชเริงรำ #598,th
한강 #844,ko
ด้วยรักและผูกพัน #942,th
ตำนานสมเด็จพระนารายณ์ #195,th
Belenggu #989,id
家 #1177,zh
舞姫 #580,ja
Voices from S-21 #334,km
태백산맥 #528,ko
ฟ้าใหม่ #840,th
Sa Mga Kuko ng Liwanag #493,fil
彷徨 #853,zh
Mga Ibong Mandaragit #1167,fil
Hikayat Hang Tuah #101,ms
子夜 #316,zh
Ilustrado #488,fil
吾輩は猫である #1068,ja
狂人日记 #994,zh
破戒 #171,ja
ชาติหน้าขอให้พบกัน #431,th
พระอภัยมณี #647,th
Tenggelamnya Kapal Van Der Wijck #1084,ms
Menara #319,ms
난장이가 쏘아올린 작은 공 #912,ko
In the Shadow of the Banyan #604,km
상록수 #450,ko
คนละฟากฟ้า #513,th
走れメロス #518,ja
金閣寺 #292,ja
May Day Eve #600,fil
痴人の愛 #795,ja
仮面の告白 #433,ja
Tenggelamnya Kapal Van Der Wijck #364,ms
Supernova #118,id
三国演义 #189,zh
El Filibusterismo,fil
Never Fall Down #1143,km
In the Shadow of the Banyan #984,km
水浒传 #368,zh
Hang Jebat Menderhaka #277,ms
우리들의 행복한 시간 #360,ko
Cambodia's Curse #973,km
The Death of Vishnu #1116,km
ฟ้าใหม่ #600,th
西游记 #1127,zh
Menara #1039,ms
서울 1964년 겨울 #95,ko
Dekada '70 #326,fil
Gapo #814,fil
Siti Nurbaya #466,id
토지 #806,ko
Lagenda Budak Setan #795,ms
坊っちゃん #827,ja
Panglima Awang #670,ms
กุหลาบป่า #410,th
흰 #685,ko
광장 #1053,ko
秋 #559,zh
Hikayat Hang Tuah,ms
痴人の愛 #1235,ja
Dekada '70 #906,fil
Anak Semua Bangsa #182,id
痴人の愛 #175,ja
อิเหนา #628,th
무정 #349,ko
Jejak Langkah #523,id
Children of Cambodia's Killing Fields #129,km
ตำนานสมเด็จพระนารายณ์ #1075,th
三国演义 #989,zh
春,zh
Hujan #480,id
平凡的世界 #504,zh
우리들의 행복한 시간 #820,ko
痴人の愛 #335,ja
Sang Pemimpi #1135,id
風の歌を聴け #824,ja
Lagenda Budak Setan #95,ms
Hikayat Hang Tuah #321,ms
흰 #1005,ko
Dekada '70 #1106,fil
무정 #1049,ko
仮面の告白 #893,ja
ลูกอีสาน #964,th
Banaag at Sikat #1204,fil
三国演义 #669,zh
รักไม่มีสิทธิ์ #1219,th
痴人の愛 #1135,ja
Never Fall Down #283,km
The Death of Vishnu #776,km
우리들의 행복한 시간 #480,ko
Pulang #433,id
Gapo #934,fil
Menara #479,ms
Dead Stars #397,fil
ข้าหลวง #1234,th
Gapo #1174,fil
Ilustrado #888,fil
人間失格 #736,ja
仮面の告白 #1013,ja
Atheis: Volume 3,id
Gadis Jolobu #840,ms
Sa Mga Kuko ng Liwanag #1233,fil
Bamboo People #1097,km
雷雨 #640,zh
Dekada '70 #1066,fil
ด้วยรักและผูกพัน #482,th
Voices from S-21 #514,km
朝花夕拾 #491,zh
狂人日记 #414,zh
살인자의 기억법 #1117,ko
ฟ้าใหม่ #300,th
광장 #953,ko
雷雨 #100,zh
こころ #566,ja
こころ #346,ja
Never Fall Down #1183,km
Little Princes #1138,km
In the Shadow of the Banyan #844,km
Perburuan #825,id
무진기행: Volume 4,ko
秋 #959,zh
광장 #1193,ko
태백산맥 #468,ko
雷雨 #520,zh
Ilustrado #988,fil
Mga Ibong Mandaragit - Part 7,fil
Ayah: Volume 1,id
상록수 #850,ko
狂人日记 #334,zh
Ronggeng Dukuh Paruk #1030,id
Rice and Baguette #100,km
阿Q正传 #715,zh
仮面の告白 #933,ja
อิเหนา #328,th
ノルウェイの森 #341,ja
Kekasih Electra #1053,ms
朝花夕拾 #611,zh
Merpati Putih Terbang Lagi,ms
무진기행,ko
1Q84 #602,ja
金瓶梅 #250,zh
Sa Mga Kuko ng Liwanag #873,fil
Banaag at Sikat #704,fil
Lucky Child #151,km
仮面の告白 #653,ja
Perburuan #885,id
坊っちゃん #1127,ja
山月記 #1099,ja
Lucky Child #1091,km
กุหลาบป่า #1130,th
羊をめぐる冒険 #385,ja
Rice and Baguette #360,km
아리랑 #667,ko
Rice and Baguette #780,km
Footnote to Youth #1098,fil
ศรีบูรพา #289,th
Perburuan #1085,id
Tenggelamnya Kapal Van Der Wijck #824,ms
Florante at Laura (2002),fil
ขุนช้างขุนแผน #886,th
仮面の告白 #1233,ja
한강 #1124,ko
Ang Paboritong Libro ni Hudas #490,fil
Bumi Manusia #841,id
살인자의 기억법 #1177,ko
Florante at Laura #663,fil
ศรีบูรพา #809,th
Footnote to Youth #1198,fil
金瓶梅 #990,zh
Never Fall Down #603,km
The Death of Vishnu (2015),km
สุภาพบุรุษจุฑาเทพ #1217,th
Mga Kuwento ni Lola Basyang #391,fil
Sejarah Melayu #662,ms
Little Princes #338,km
围城 #1003,zh
Panglima Awang #410,ms
อิเหนา #828,th
อิเหนา #248,th
ชาติหน้าขอให้พบกัน #731,th
ノルウェイの森 #1181,ja
เลือดมังกร #732,th
Cinta di Dalam Gelas #517,id
阿Q正传 #235,zh
소년이 온다,ko
เลือดมังกร #432,th
Lelaki Harimau #312,id
Lucky Child #851,km
Atheis #1028,id
อิเหนา #708,th
완득이 #959,ko
The Rosales Saga #1035,fil
Rumah Kaca #1024,id
金閣寺 #572,ja
伊豆の踊子 #630,ja
Gadis Jolobu #900,ms
อิเหนา #988,th
무진기행 #414,ko
พระอภัยมณี #747,th
The Lost Executioner #442,km
呐喊 #412,zh
May Day Eve #1120,fil
Banaag at Sikat #224,fil
엄마를 부탁해 #956,ko
In the Shadow of the Banyan #364,km
무정 #449,ko
Mga Kuwento ni Lola Basyang #371,fil
Hang Jebat Menderhaka #717,ms
Siti Nurbaya #826,id
ด้วยรักและผูกพัน #1102,th
태백산맥 #908,ko
Ranjau Sepanjang Jalan #308,ms
秋 #1039,zh
เลือดมังกร #812,th
엄마를 부탁해 #1136,ko
斜陽 #177,ja
아리랑 #547,ko
Padre Faura Witness the Execution of Rizal #1016,fil
ขุนช้างขุนแผน #1066,th
한강 #824,ko
"Stay Alive, My Son #585",km
Bidasari #1071,ms
Leftenan Adnan #516,ms
우리들의 행복한 시간 #840,ko
พระอภัยมณี #427,th
Gapo #974,fil
春 #678,zh
Bamboo People #577,km
Supernova: Volume 3,id
Little Princes #678,km
Negeri 5 Menara #639,id
Bamboo People #877,km
한강 #424,ko
Rice and Baguette #440,km
Gapo #634,fil
Dekada '70 #786,fil
ด้วยรักและผูกพัน #302,th
Ranjau Sepanjang Jalan #628,ms
In the Shadow of the Banyan #324,km
Sa Mga Kuko ng Liwanag #1033,fil
ตำนานสมเด็จพระนารายณ์ #255,th
Tenggelamnya Kapal Van Der Wijck #464,ms
红楼梦 #546,zh
活着 #562,zh
彷徨: Volume 3,zh
태백산맥 #1068,ko
A Cambodian Prison Portrait #175,km
围城 #243,zh
Survival in the Killing Fields #972,km
Hikayat Hang Tuah #81,ms
아리랑 #927,ko
อิเหนา: Volume 3,th
Lucky Child #1071,km
Belenggu #1249,id
ลูกอีสาน #844,th
ลูกอีสาน #364,th
金閣寺 #912,ja
春 #558,zh
엄마를 부탁해 #736,ko
채식주의자 #701,ko
Sejarah Melayu #342,ms
坊っちゃん #587,ja
Mga Ibong Mandaragit #967,fil
Leftenan Adnan #556,ms
Luha ng Buwaya #745,fil
Cinta di Dalam Gelas #317,id
A Cambodian Prison Portrait #135,km
มัจจุราชเริงรำ #938,th
三国演义 #849,zh
彷徨 #333,zh
Sulalat al-Salatin #1203,ms
무진기행 #554,ko
คนละฟากฟ้า #653,th
Survival in the Killing Fields #592,km
Voices from S-21 #674,km
Footnote to Youth #178,fil
Pulang #953,id
우리들의 행복한 시간 #980,ko
Mga Ibong Mandaragit #327,fil
Siti Nurbaya #525,ms
한강 #964,ko
金閣寺 #612,ja
The Rosales Saga #1235,fil
白鹿原 #465,zh
Dead Stars #1177,fil
1Q84,ja
Padre Faura Witness the Execution of Rizal #716,fil
Little Princes #578,km
The Death of Vishnu #476,km
Little Princes #1038,km
May Day Eve #360,fil
红楼梦 #706,zh
삼대 #1091,ko
朝花夕拾 #831,zh
Bidasari #491,ms
Sang Pemimpi #575,id
Bumi Manusia #1221,id
Lagenda Budak Setan #1195,ms
When Broken Glass Floats #307,km
Sulalat al-Salatin #323,ms
작별인사 #1223,ko
Bidasari #191,ms
The Gate #646,km
อิเหนา #1068,th
Dead Stars #557,fil
Bidasari #1051,ms
รักไม่มีสิทธิ์ #1159,th
白鹿原 #1065,zh
Sa Mga Kuko ng Liwanag #973,fil
무진기행 #1154,ko
Rumah Kaca #744,id
สุภาพบุรุษจุฑาเทพ #417,th
살인자의 기억법 #257,ko
Anak Semua Bangsa #642,id
Rice and Baguette #520,km
Hang Jebat Menderhaka #1157,ms
흰 #265,ko
Ayah #136,id
Siti Nurbaya #365,ms
Bumi Manusia #661,id
7년의 밤 #1018,ko
จดหมายจากหมาเบื่อ #381,th
Noli Me Tangere #781,fil
Atheis #1088,id
아리랑 #147,ko
El Filibusterismo #702,fil
雷雨 #180,zh
围城 #803,zh
Mga Kuwento ni Lola Basyang - Part 1,fil
痴人の愛 #915,ja
รักไม่มีสิทธิ์ #279,th
พระอภัยมณี #487,th
ศรีบูรพา #149,th
Negeri 5 Menara #959,id
Leftenan Adnan #1196,ms
"Stay Alive, My Son #565",km
斜陽 #1157,ja
朝花夕拾 #1211,zh
走れメロス #1098,ja
Noli Me Tangere #1001,fil
細雪 #714,ja
7년의 밤 - Part 8,ko
Siti Nurbaya #486,id
Noli Me Tangere #421,fil
三体 #721,zh
1Q84 #1142,ja
소년이 온다 #542,ko
In the Shadow of the Banyan #1104,km
Gadis Jolobu #440,ms
우리들의 행복한 시간 #380,ko
Footnote to Youth #138,fil
家 #937,zh
The Lost Executioner #802,km
Mat Jenin #794,ms
อิเหนา #668,th
舞姫 #980,ja
山月記 #879,ja
"Stay Alive, My Son #645",km
仮面の告白 #113,ja
Mat Jenin #834,ms
흰 - Part 5,ko
토지 #426,ko
To Destroy You Is No Loss #188,km
คนละฟากฟ้า #313,th
風の歌を聴け #404,ja
Hujan #620,id
토지,ko
채식주의자 - Part 1,ko
痴人の愛 #655,ja
伊豆の踊子 #490,ja
Cantik Itu Luka #91,id
海辺のカフカ #1183,ja
To Destroy You Is No Loss #328,km
Sejarah Melayu #842,ms
Golden Bones #419,km
First They Killed My Father #161,km
Belenggu #429,id
舞姫 #660,ja
围城 #1083,zh
ขุนช้างขุนแผน #846,th
彷徨 #533,zh
舞姫 #1140,ja
三体 #921,zh
Lelaki Harimau #172,id
伊豆の踊子 #1070,ja
Interlok #1067,ms
ชาติหน้าขอให้พบกัน #791,th
토지 #1046,ko
Footnote to Youth #1018,fil
In the Shadow of the Banyan (2003),km
Smaller and Smaller Circles #909,fil
태백산맥 #628,ko
Hang Jebat Menderhaka #897,ms
痴人の愛 #1015,ja
Never Fall Down #363,km
Siti Nurbaya #1025,ms
살인자의 기억법 #537,ko
Sulalat al-Salatin #1043,ms
Negeri 5 Menara #979,id
羊をめぐる冒険 #865,ja
Mga Ibong Mandaragit #1187,fil
Kekasih Electra #1173,ms
Gapo #834,fil
Luha ng Buwaya #665,fil
"Stay Alive, My Son #405",km
"Stay Alive, My Son #385",km
ด้วยรักและผูกพัน #882,th
Rumah Kaca #324,id
1Q84 #1022,ja
Panglima Awang #90,ms
Hikayat Hang Tuah - Part 1,ms
ศรีบูรพา #669,th
Noli Me Tangere #241,fil
Mga Kuwento ni Lola Basyang #731,fil
서울 1964년 겨울 #395,ko
Luha ng Buwaya,fil
흰 #285,ko
삼대 #1211,ko
Merpati Putih Terbang Lagi #132,ms
Mga Kuwento ni Lola Basyang #531,fil
무정 #169,ko
A Cambodian Prison Portrait #455,km
羊をめぐる冒険 #165,ja
Siti Nurbaya #845,ms
羊をめぐる冒険 #285,ja
태백산맥 #1228,ko
金閣寺 #492,ja
เลือดมังกร #892,th
Kekasih Electra #953,ms
Belenggu #1109,id
Penawar Bagi Hati #638,ms
红楼梦 #1066,zh
人間失格 #676,ja
무정 #1229,ko
Siti Nurbaya #545,ms
金閣寺 #992,ja
Hujan #940,id
彷徨 #613,zh
엄마를 부탁해 #636,ko
坊っちゃん #707,ja
人間失格 #476,ja
仮面の告白 #353,ja
海辺のカフカ #883,ja
Menara #859,ms
細雪 #254,ja
红楼梦 #1186,zh
Ayah #436,id
Lucky Child #1171,km
Survival in the Killing Fields #852,km
春 #1038,zh
รักไม่มีสิทธิ์ #599,th
ด้วยรักและผูกพัน #402,th
ศรีบูรพา #589,th
羊をめぐる冒険 #465,ja
Supernova #1218,id
围城 #523,zh
Dead Stars #937,fil
มัจจุราชเริงรำ #998,th
阿Q正传 #1175,zh
Tenggelamnya Kapal Van Der Wijck #844,ms
ตำนานสมเด็จพระนารายณ์ #1095,th
Sa Mga Kuko ng Liwanag #633,fil
Cinta di Dalam Gelas #137,id
家 #1197,zh
Panglima Awang #730,ms
Sejarah Melayu #202,ms
Hang Jebat Menderhaka #417,ms
家 #717,zh
ขุนช้างขุนแผน #626,th
First They Killed My Father #621,km
走れメロス #1138,ja
Children of Cambodia's Killing Fields #789,km
吾輩は猫である (2007),ja
7년의 밤 #1198,ko
Mga Ibong Mandaragit #587,fil
รักไม่มีสิทธิ์ #1199,th
Sulalat al-Salatin #703,ms
ชาติหน้าขอให้พบกัน #1191,th
Salina #866,ms
围城 #303,zh
金閣寺 #1212,ja
เสือคำราม #196,th
ABNKKBSNPLAko?! #1232,fil
อิเหนา #288,th
Ranjau Sepanjang Jalan #768,ms
Ang Paboritong Libro ni Hudas #430,fil
Perburuan #1245,id
How My Brother Leon Brought Home a Wife #659,fil
Panglima Awang #170,ms
มัจจุราชเริงรำ - Part 8,th
A Cambodian Prison Portrait #915,km
呐喊 #152,zh
Florante at Laura #383,fil
春 #238,zh
羊をめぐる冒険 #325,ja
เลือดมังกร #1212,th
Lucky Child #891,km
Banaag at Sikat #364,fil
광장 #813,ko
Laskar Pelangi #1194,id
Merpati Putih Terbang Lagi #872,ms
Lelaki Harimau #1112,id
Padre Faura Witness the Execution of Rizal #456,fil
"Stay Alive, My Son #1105",km
พระอภัยมณี #207,th
Laskar Pelangi #274,id
난장이가 쏘아올린 작은 공 #412,ko
Siti Nurbaya #85,ms
May Day Eve #740,fil
ฟ้าใหม่ #120,th
엄마를 부탁해 #1076,ko
痴人の愛 #1095,ja
Salina #1026,ms
Hujan #120,id
Mga Ibong Mandaragit #887,fil
Florante at Laura #623,fil
The Lost Executioner #962,km
ลูกอีสาน #684,th
살인자의 기억법 #717,ko
秋 #939,zh
Survival in the Killing Fields,km
รักไม่มีสิทธิ์ #359,th
山月記 #1039,ja
Gapo #494,fil
三国演义 #429,zh
Gadis Jolobu #1020,ms
สี่แผ่นดิน #945,th
走れメロス #358,ja
Penawar Bagi Hati #1238,ms
Sejarah Melayu #722,ms
Gapo #454,fil
Cantik Itu Luka #1191,id
서울 1964년 겨울 #895,ko
Rice and Baguette #1060,km
Ronggeng Dukuh Paruk #590,id
Bamboo People #737,km
Merpati Putih Terbang Lagi #792,ms
소년이 온다 #262,ko
破戒 #731,ja
金瓶梅 #1230,zh
완득이 (2018),ko
Ayah #176,id
Florante at Laura #203,fil
Ayah (2015),id
ศรีบูรพา #1109,th
Mga Ibong Mandaragit #827,fil
活着 #102,zh
คำพิพากษา,th
무정 #389,ko
金瓶梅 #210,zh
Cambodia's Curse #1033,km
秋 #1199,zh
Bumi Manusia #1061,id
กุหลาบป่า #1010,th
작별인사 #243,ko
작별인사 #383,ko
Footnote to Youth #598,fil
Tenggelamnya Kapal Van Der Wijck #124,ms
Belenggu #629,id
무진기행 #114,ko
Cambodia's Curse #693,km
Siti Nurbaya #126,id
The Death of Vishnu #376,km
Belenggu #129,id
Tenggelamnya Kapal Van Der Wijck #744,ms
서울 1964년 겨울 #235,ko
태백산맥 - Part 8,ko
红楼梦 #526,zh
How My Brother Leon Brought Home a Wife #399,fil
痴人の愛 #535,ja
Children of Cambodia's Killing Fields #1069,km
Lelaki Harimau #632,id
平凡的世界 #104,zh
The Rosales Saga #1195,fil
채식주의자 #81,ko
삼대 #411,ko
Cambodia's Curse #93,km
Panglima Awang #390,ms
阿Q正传 #135,zh
坊っちゃん #167,ja
痴人の愛 #1155,ja
무진기행 #254,ko
Atheis #108,id
When Broken Glass Floats #607,km
Dekada '70 #546,fil
Florante at Laura #1063,fil
Bamboo People #197,km
난장이가 쏘아올린 작은 공,ko
Sejarah Melayu #222,ms
白鹿原 #585,zh
May Day Eve #620,fil
First They Killed My Father #441,km
風の歌を聴け #904,ja
三国演义 #829,zh
破戒 #671,ja
Footnote to Youth #738,fil
Voices from S-21 #1154,km
รักไม่มีสิทธิ์ #1239,th
Padre Faura Witness the Execution of Rizal #736,fil
พระอภัยมณี #667,th
子夜 #1116,zh
人間失格 #376,ja
มัจจุราชเริงรำ #798,th
Panglima Awang #770,ms
Hikayat Hang Tuah #261,ms
삼대 #1071,ko
Little Princes #178,km
細雪 #1214,ja
Dead Stars #877,fil
In the Shadow of the Banyan #964,km
Interlok #1027,ms
仮面の告白 #1153,ja
Smaller and Smaller Circles #849,fil
난장이가 쏘아올린 작은 공 #152,ko
Anak Mat Lela Gila #1009,ms
ศรีบูรพา #549,th
흰 #185,ko
Panglima Awang #290,ms
아리랑 #787,ko
Voices from S-21 #634,km
To Destroy You Is No Loss #1108,km
ชาติหน้าขอให้พบกัน #711,th
เลือดมังกร #292,th
พระอภัยมณี #1107,th
Luha ng Buwaya #1045,fil
"Stay Alive, My Son #1125",km
한강 #204,ko
Perburuan #765,id
Kekasih Electra #1133,ms
Children of Cambodia's Killing Fields #289,km
To Destroy You Is No Loss #468,km
ตำนานสมเด็จพระนารายณ์ #495,th
Never Fall Down #483,km
Lelaki Harimau #532,id
First They Killed My Father #741,km
El Filibusterismo #962,fil
คำพิพากษา #983,th
อิเหนา #1008,th
우리들의 행복한 시간 #340,ko
Leftenan Adnan #696,ms
舞姫 #1160,ja
Padre Faura Witness the Execution of Rizal #596,fil
Hikayat Hang Tuah #1101,ms
Gapo #1034,fil
Menara #539,ms
살인자의 기억법 #1037,ko
서울 1964년 겨울 #515,ko
Perburuan #545,id
Hujan #240,id
The Stones Cry Out,km
Lagenda Budak Setan #295,ms
红楼梦 #606,zh
活着 #722,zh
ตำนานสมเด็จพระนารายณ์ #455,th
Salina #446,ms
완득이 #1019,ko
1Q84 #582,ja
Belenggu #1189,id
Jejak Langkah #1203,id
彷徨 #1013,zh
Sang Pemimpi #935,id
Anak Mat Lela Gila #329,ms
Lucky Child #411,km
Dekada '70 #606,fil
Supernova #338,id
朝花夕拾 #231,zh
จดหมายจากหมาเบื่อ #261,th
西游记 #947,zh
家 #137,zh
Cambodia's Curse #933,km
Anak Semua Bangsa #482,id
Ranjau Sepanjang Jalan #968,ms
三国演义 #809,zh
살인자의 기억법 #557,ko
흰 #305,ko
破戒 #551,ja
阿Q正传 #895,zh
Bumi Manusia - Part 1,id
坊っちゃん #1007,ja
ด้วยรักและผูกพัน #642,th
คำพิพากษา #403,th
1Q84 #822,ja
Panglima Awang #1110,ms
ABNKKBSNPLAko?! #672,fil
ขุนช้างขุนแผน #726,th
Mga Kuwento ni Lola Basyang (2010),fil
รักไม่มีสิทธิ์ #479,th
El Filibusterismo #1182,fil
Sulalat al-Salatin #1163,ms
破戒 #591,ja
Noli Me Tangere #621,fil
อิเหนา #968,th
เลือดมังกร #992,th
Anak Semua Bangsa #1022,id
무정: Volume 4,ko
围城 #383,zh
흰 #325,ko
坊っちゃん #307,ja
Smaller and Smaller Circles #709,fil
완득이 #1239,ko
Atheis #968,id
The Gate #1186,km
こころ #646,ja
Bidasari #351,ms
活着 #682,zh
ลูกอีสาน #544,th
The Death of Vishnu #156,km
Ranjau Sepanjang Jalan #248,ms
El Filibusterismo #882,fil
三国演义 #449,zh
สุภาพบุรุษจุฑาเทพ #797,th
Anak Semua Bangsa #1042,id
人間失格 - Part 6,ja
First They Killed My Father #421,km
Padre Faura Witness the Execution of Rizal #1036,fil
สี่แผ่นดิน,th
7년의 밤 #178,ko
Anak Semua Bangsa #102,id
채식주의자 #421,ko
May Day Eve #320,fil
伊豆の踊子 #970,ja
El Filibusterismo #202,fil
살인자의 기억법 #1097,ko
จดหมายจากหมาเบื่อ #1081,th
Bidasari #431,ms
Rumah Kaca #244,id
Ranjau Sepanjang Jalan #868,ms
Bumi Manusia #1041,id
ข้าหลวง #354,th
한강 #1024,ko
Negeri 5 Menara #899,id
First They Killed My Father #381,km
ข้าหลวง #1194,th
Ronggeng Dukuh Paruk #1230,id
คำพิพากษา #83,th
Supernova #238,id
Hang Jebat Menderhaka #157,ms
채식주의자 #461,ko
斜陽 #137,ja
Smaller and Smaller Circles #89,fil
토지 (2005),ko
山月記 #999,ja
平凡的世界 #784,zh
คำพิพากษา #423,th
우리들의 행복한 시간 #520,ko
細雪 #474,ja
Ranjau Sepanjang Jalan #1068,ms
彷徨 #793,zh
In the Shadow of the Banyan #924,km
Banaag at Sikat #1144,fil
อิเหนา #488,th
Never Fall Down #1063,km
Ilustrado #648,fil
Little Princes #478,km
"Stay Alive, My Son #225",km
Lucky Child #771,km
Layar Terkembang #1007,id
水浒传 #648,zh
Voices from S-21 #1194,km
ขุนช้างขุนแผน #1226,th
Noli Me Tangere #901,fil
Smaller and Smaller Circles #1029,fil
舞姫 #1060,ja
金閣寺 #852,ja
흰 #645,ko
平凡的世界 #1064,zh
우리들의 행복한 시간 (2019),ko
Sang Pemimpi #1035,id
A Cambodian Prison Portrait #1095,km
엄마를 부탁해 #236,ko
彷徨 #293,zh
Interlok #807,ms
Belenggu #889,id
"Stay Alive, My Son #1085",km
吾輩は猫である #868,ja
Supernova #1138,id
ตำนานสมเด็จพระนารายณ์ #655,th
坊っちゃん #787,ja
Pulang #233,id
ชาติหน้าขอให้พบกัน #291,th
山月記 #299,ja
Siti Nurbaya #226,id
Penawar Bagi Hati #958,ms
มัจจุราชเริงรำ #118,th
Cantik Itu Luka #631,id
Never Fall Down #823,km
Jejak Langkah #803,id
ตำนานสมเด็จพระนารายณ์ #155,th
家 #797,zh
난장이가 쏘아올린 작은 공 #172,ko
How My Brother Leon Brought Home a Wife #439,fil
斜陽 #417,ja
Dead Stars: Volume 2,fil
El Filibusterismo #902,fil
Florante at Laura #1103,fil
ลูกอีสาน #244,th
こころ #1086,ja
彷徨 #573,zh
红楼梦 #946,zh
春 #458,zh
มัจจุราชเริงรำ #1058,th
Ronggeng Dukuh Paruk #670,id
子夜 #736,zh
Gapo #734,fil
Bamboo People #497,km
태백산맥 #1188,ko
平凡的世界 #284,zh
围城 #983,zh
Hikayat Hang Tuah #1021,ms
Layar Terkembang - Part 7,id
In the Shadow of the Banyan #624,km
상록수 #150,ko
To Destroy You Is No Loss (2007),km
Lucky Child #1191,km
西游记 #207,zh
Rumah Kaca #1044,id
活着 #742,zh
A Cambodian Prison Portrait #815,km
Padre Faura Witness the Execution of Rizal #1116,fil
舞姫 #680,ja
金閣寺 #1072,ja
ด้วยรักและผูกพัน #602,th
난장이가 쏘아올린 작은 공 #1192,ko
Mga Ibong Mandaragit #487,fil
The Rosales Saga #975,fil
Pulang #593,id
Leftenan Adnan #216,ms
จดหมายจากหมาเบื่อ #121,th
Florante at Laura #283,fil
朝花夕拾 #131,zh
Lagenda Budak Setan #755,ms
金閣寺 #1192,ja
삼대 #451,ko
西游记 #1167,zh
A Cambodian Prison Portrait #975,km
Laskar Pelangi #534,id
Rumah Kaca #1244,id
Siti Nurbaya #626,id
Golden Bones #659,km
坊っちゃん #1207,ja
活着 #522,zh
Sejarah Melayu #782,ms
吾輩は猫である #1148,ja
엄마를 부탁해 #916,ko
三国演义 #649,zh
흰 #625,ko
Sejarah Melayu #522,ms
Mga Ibong Mandaragit #267,fil
살인자의 기억법 #757,ko
작별인사,ko
ลูกอีสาน #1044,th
소년이 온다 #602,ko
Sa Mga Kuko ng Liwanag #193,fil
ข้าหลวง (2013),th
白鹿原 #825,zh
우리들의 행복한 시간 #140,ko
痴人の愛 #215,ja
Ayah #776,id
Rumah Kaca #304,id
The Lost Executioner #322,km
광장 #233,ko
Cantik Itu Luka #531,id
秋 #1079,zh
水浒传 #788,zh
How My Brother Leon Brought Home a Wife #579,fil
El Filibusterismo #382,fil
In the Shadow of the Banyan #284,km
Ayah #1076,id
Menara #999,ms
Sang Pemimpi #195,id
家 #997,zh
The Death of Vishnu #396,km
Ronggeng Dukuh Paruk #1170,id
Cantik Itu Luka #771,id
มัจจุราชเริงรำ #1038,th
Negeri 5 Menara #599,id
呐喊 #872,zh
Bamboo People #1217,km
Sulalat al-Salatin #883,ms
西游记 #1147,zh
Banaag at Sikat #544,fil
สี่แผ่นดิน #1125,th
삼대 - Part 1,ko
红楼梦 #246,zh
Never Fall Down #1223,km
무정 #1009,ko
家 #1137,zh
金瓶梅 #1170,zh
金閣寺 #332,ja
Atheis #828,id
子夜 (2015),zh
ตำนานสมเด็จพระนารายณ์ #475,th
คนละฟากฟ้า #433,th
สี่แผ่นดิน #1185,th
Little Princes #278,km
Hang Jebat Menderhaka #457,ms
"Stay Alive, My Son #485",km
ノルウェイの森 #741,ja
Siti Nurbaya #786,id
채식주의자 #581,ko
7년의 밤 (2017),ko
Voices from S-21 #154,km
Panglima Awang #1130,ms
子夜,zh
"Stay Alive, My Son: Volume 5",km
จดหมายจากหมาเบื่อ #281,th
活着 #82,zh
상록수 #630,ko
A Cambodian Prison Portrait #1215,km
서울 1964년 겨울 #115,ko
Lagenda Budak Setan #775,ms
Smaller and Smaller Circles #669,fil
平凡的世界 #1144,zh
Kekasih Electra #93,ms
Atheis #128,id
Never Fall Down #123,km
雷雨 #220,zh
活着 #942,zh
Atheis #768,id
羊をめぐる冒険 #405,ja
子夜 #416,zh
ABNKKBSNPLAko?! #1032,fil
무정 #649,ko
우리들의 행복한 시간 #260,ko
상록수 #610,ko
Never Fall Down #963,km
Merpati Putih Terbang Lagi #252,ms
围城 #83,zh
คนละฟากฟ้า #113,th
Ronggeng Dukuh Paruk #930,id
Hujan #1060,id
金瓶梅 #1150,zh
Supernova #1238,id
한강 #304,ko
吾輩は猫である #128,ja
彷徨 #593,zh
อิเหนา #848,th
Padre Faura Witness the Execution of Rizal #1216,fil
คำพิพากษา #883,th
Kekasih Electra #933,ms
Florante at Laura #523,fil
รักไม่มีสิทธิ์ #739,th
อิเหนา #1208,th
水浒传 #1108,zh
To Destroy You Is No Loss,km
雪国 #669,ja
Atheis #1168,id
When Broken Glass Floats #1167,km
围城 #823,zh
Florante at Laura #563,fil
ชาติหน้าขอให้พบกัน #231,th
คนละฟากฟ้า #413,th
토지 #1186,ko
Bumi Manusia #181,id
ตำนานสมเด็จพระนารายณ์ #875,th
ชาติหน้าขอให้พบกัน #1011,th
난장이가 쏘아올린 작은 공 #972,ko
伊豆の踊子 #1170,ja
こころ #986,ja
สุภาพบุรุษจุฑาเทพ #1137,th
細雪 #1014,ja
Belenggu #909,id
Penawar Bagi Hati #458,ms
坊っちゃん #287,ja
Dekada '70 #366,fil
태백산맥 #648,ko
อิเหนา #448,th
斜陽 #737,ja
Penawar Bagi Hati #678,ms
Perburuan #925,id
May Day Eve #660,fil
우리들의 행복한 시간 #420,ko
คนละฟากฟ้า #793,th
ลูกอีสาน #1184,th
1Q84 #1062,ja
มัจจุราชเริงรำ #978,th
Salina #226,ms
Golden Bones #819,km
The Rosales Saga #775,fil
痴人の愛 #695,ja
Lelaki Harimau #1172,id
Golden Bones #219,km
秋 #299,zh
Sang Pemimpi #715,id
아리랑 #307,ko
กุหลาบป่า #1050,th
Ilustrado #228,fil
朝花夕拾 #911,zh
仮面の告白 #593,ja
Voices from S-21 #1094,km
คนละฟากฟ้า #1153,th
อิเหนา #1248,th
Hang Jebat Menderhaka #837,ms
광장 #533,ko
Footnote to Youth #698,fil
Sa Mga Kuko ng Liwanag #373,fil
Lagenda Budak Setan #855,ms
Ilustrado #1088,fil
Survival in the Killing Fields #712,km
Survival in the Killing Fields #412,km
Ilustrado #868,fil
Cambodia's Curse #1213,km
한강,ko
阿Q正传 #995,zh
채식주의자 #841,ko
How My Brother Leon Brought Home a Wife,fil
สุภาพบุรุษจุฑาเทพ #1197,th
羊をめぐる冒険 #1145,ja
ノルウェイの森 #421,ja
ลูกอีสาน #1224,th
In the Shadow of the Banyan #244,km
Jejak Langkah #83,id
Supernova,id
소년이 온다 #802,ko
อิเหนา - Part 8,th
红楼梦 #666,zh
ศรีบูรพา #469,th
ชาติหน้าขอให้พบกัน #1071,th
작별인사 #723,ko
雪国 #349,ja
ノルウェイの森 #681,ja
Golden Bones #1139,km
무정 #509,ko
คำพิพากษา #1223,th
Golden Bones #699,km
Perburuan #525,id
무정 #989,ko
朝花夕拾 #171,zh
First They Killed My Father (2000),km
Footnote to Youth #1238,fil
The Rosales Saga #835,fil
Hujan #740,id
Little Princes #398,km
秋 #1059,zh
เลือดมังกร #1052,th
"Stay Alive, My Son #805",km
狂人日记 #194,zh
Panglima Awang #310,ms
秋 #279,zh
Ayah,id
The Lost Executioner #662,km
채식주의자 #721,ko
Negeri 5 Menara #139,id
Gapo #114,fil
서울 1964년 겨울 #1075,ko
คำพิพากษา #1163,th
무정 #369,ko
Mat Jenin #334,ms
완득이 #979,ko
To Destroy You Is No Loss #1068,km
Bidasari #91,ms
Kekasih Electra #833,ms
When Broken Glass Floats #587,km
우리들의 행복한 시간 #880,ko
舞姫 #380,ja
仮面の告白 (2012),ja
A Cambodian Prison Portrait #315,km
Little Princes #138,km
The Gate #406,km
Mga Kuwento ni Lola Basyang #771,fil
Lagenda Budak Setan #495,ms
Laskar Pelangi #134,id
Penawar Bagi Hati #698,ms
우리들의 행복한 시간 #1040,ko
광장,ko
子夜 #1056,zh
ฟ้าใหม่ #540,th
소년이 온다 (2001),ko
서울 1964년 겨울 #455,ko
春 #198,zh
Penawar Bagi Hati #1078,ms
呐喊 #1192,zh
The Rosales Saga #155,fil
Cambodia's Curse #733,km
仮面の告白 #93,ja
Survival in the Killing Fields #332,km
서울 1964년 겨울 #535,ko
細雪 #1114,ja
จดหมายจากหมาเบื่อ #761,th
人間失格,ja
Rice and Baguette #120,km
呐喊 #712,zh
ศรีบูรพา #449,th
Tenggelamnya Kapal Van Der Wijck #304,ms
"Stay Alive, My Son #905",km
"Stay Alive, My Son #1225",km
7년의 밤 #118,ko
무진기행 #334,ko
The Gate #926,km
Banaag at Sikat #844,fil
彷徨 #693,zh
1Q84 #182,ja
三国演义 #209,zh
Sang Pemimpi #975,id
Bumi Manusia #761,id
Dekada '70 #126,fil
風の歌を聴け #104,ja
坊っちゃん #867,ja
Noli Me Tangere #1201,fil
春 #578,zh
ด้วยรักและผูกพัน #1242,th
家 #1217,zh
Lucky Child #1011,km
Anak Mat Lela Gila,ms
The Rosales Saga #275,fil
Sa Mga Kuko ng Liwanag #1213,fil
완득이 #999,ko
채식주의자 (2000),ko
Bumi Manusia #701,id
Mat Jenin #694,ms
平凡的世界 #204,zh
細雪 #674,ja
ด้วยรักและผูกพัน #202,th
Lelaki Harimau #472,id
羊をめぐる冒険 #1045,ja
Anak Semua Bangsa #822,id
平凡的世界 #124,zh
สุภาพบุรุษจุฑาเทพ #1077,th
西游记 #1207,zh
家 #737,zh
มัจจุราชเริงรำ #138,th
秋 #779,zh
Padre Faura Witness the Execution of Rizal #756,fil
三体 #321,zh
จดหมายจากหมาเบื่อ #401,th
Sa Mga Kuko ng Liwanag #173,fil
태백산맥 #868,ko
雷雨 #1160,zh
ABNKKBSNPLAko?! #392,fil
吾輩は猫である #228,ja
Tenggelamnya Kapal Van Der Wijck #784,ms
채식주의자 #641,ko
Rice and Baguette #180,km
채식주의자 #901,ko
กุหลาบป่า #1150,th
Kekasih Electra #873,ms
Leftenan Adnan #576,ms
Rumah Kaca #424,id
Gadis Jolobu #920,ms
토지 #186,ko
ข้าหลวง #574,th
ข้าหลวง #414,th
伊豆の踊子 #1230,ja
아리랑 #247,ko
Siti Nurbaya: Volume 5,ms
羊をめぐる冒険: Volume 5,ja
Lucky Child #1111,km
秋 #479,zh
อิเหนา (2007),th
First They Killed My Father #1021,km
Dead Stars #917,fil
광장 #973,ko
Hujan #540,id
Pulang #373,id
작별인사 #863,ko
坊っちゃん #527,ja
雪国 #1029,ja
พระอภัยมณี #127,th
白鹿原 #525,zh
작별인사 #1163,ko
Sulalat al-Salatin #823,ms
Gapo #1074,fil
破戒 #971,ja
Bidasari #751,ms
Never Fall Down (2002),km
西游记 #487,zh
水浒传 #348,zh
Voices from S-21 #774,km
채식주의자 #541,ko
작별인사 #1123,ko
ฟ้าใหม่ #340,th
Bamboo People #177,km
雷雨 #760,zh
The Lost Executioner #262,km
Hikayat Hang Tuah (2000),ms
朝花夕拾 #571,zh
พระอภัยมณี #587,th
海辺のカフカ #963,ja
Children of Cambodia's Killing Fields #989,km
走れメロス #1238,ja
海辺のカフカ #1043,ja
呐喊 #232,zh
斜陽 #957,ja
In the Shadow of the Banyan #344,km
Lucky Child #231,km
Merpati Putih Terbang Lagi #92,ms
Ronggeng Dukuh Paruk #370,id
秋 #899,zh
How My Brother Leon Brought Home a Wife #1019,fil
May Day Eve #340,fil
7년의 밤 #1218,ko
Rumah Kaca #484,id
ノルウェイの森 #321,ja
Voices from S-21 #814,km
작별인사 #1023,ko
서울 1964년 겨울 #995,ko
มัจจุราชเริงรำ #178,th
Merpati Putih Terbang Lagi #812,ms
Hujan - Part 10,id
狂人日记 #1094,zh
呐喊 #852,zh
Penawar Bagi Hati #718,ms
ศรีบูรพา #309,th
Voices from S-21 (2013),km
Supernova #958,id
Belenggu #529,id
痴人の愛: Volume 5,ja
Salina #506,ms
Penawar Bagi Hati #1098,ms
Florante at Laura #803,fil
Hikayat Hang Tuah #741,ms
雪国 #749,ja
Ilustrado #528,fil
ノルウェイの森 #701,ja
A Cambodian Prison Portrait #1155,km
金閣寺 #932,ja
ลูกอีสาน #824,th
สุภาพบุรุษจุฑาเทพ #477,th
Atheis #888,id
คนละฟากฟ้า #633,th
เลือดมังกร #592,th
Ayah #956,id
El Filibusterismo #402,fil
Anak Semua Bangsa #962,id
山月記 #979,ja
Menara #299,ms
Mat Jenin #454,ms
When Broken Glass Floats #1067,km
斜陽 #557,ja
The Stones Cry Out #770,km
Hujan #880,id
子夜 #1096,zh
羊をめぐる冒険 #485,ja
Cinta di Dalam Gelas #837,id
雪国 #309,ja
海辺のカフカ #423,ja
When Broken Glass Floats #707,km
Ranjau Sepanjang Jalan #528,ms
El Filibusterismo #782,fil
Layar Terkembang #547,id
무정 #849,ko
Bidasari #1011,ms
ตำนานสมเด็จพระนารายณ์ #615,th
Laskar Pelangi #1134,id
มัจจุราชเริงรำ #418,th
Cantik Itu Luka #1091,id
仮面の告白,ja
7년의 밤 #778,ko
Smaller and Smaller Circles #1089,fil
西游记 #327,zh
May Day Eve #500,fil
ขุนช้างขุนแผน #826,th
Interlok #587,ms
朝花夕拾 #631,zh
金瓶梅 #910,zh
ตำนานสมเด็จพระนารายณ์: Volume 5,th
Siti Nurbaya #706,id
To Destroy You Is No Loss #688,km
雷雨 #160,zh
작별인사 #103,ko
The Stones Cry Out #350,km
Bamboo People #657,km
완득이 #1199,ko
คำพิพากษา - Part 3,th
เลือดมังกร #972,th
Cambodia's Curse #1053,km
ขุนช้างขุนแผน #786,th
西游记 #227,zh
Jejak Langkah #1023,id
Leftenan Adnan #596,ms
สี่แผ่นดิน #845,th
三体 #1021,zh
阿Q正传 #835,zh
ด้วยรักและผูกพัน #722,th
El Filibusterismo #282,fil
How My Brother Leon Brought Home a Wife #879,fil
羊をめぐる冒険 #505,ja
红楼梦 #886,zh
흰 #125,ko
จดหมายจากหมาเบื่อ #101,th
Lagenda Budak Setan #1015,ms
仮面の告白 #253,ja
소년이 온다 #662,ko
Negeri 5 Menara #339,id
คำพิพากษา #223,th
ชาติหน้าขอให้พบกัน (2010),th
破戒 #891,ja
태백산맥 #308,ko
ข้าหลวง #1034,th
May Day Eve #1040,fil
Perburuan #265,id
Dekada '70 #586,fil
Sang Pemimpi #455,id
รักไม่มีสิทธิ์,th
こころ #266,ja
상록수 #890,ko
To Destroy You Is No Loss #1148,km
春 #1078,zh
Voices from S-21 #934,km
Smaller and Smaller Circles #209,fil
Gapo #1014,fil
우리들의 행복한 시간 #1180,ko
สุภาพบุรุษจุฑาเทพ #217,th
Little Princes #218,km
Belenggu #929,id
1Q84 #322,ja
Footnote to Youth #438,fil
Cantik Itu Luka #331,id
Footnote to Youth #378,fil
When Broken Glass Floats #107,km
狂人日记 #854,zh
Penawar Bagi Hati #618,ms
คำพิพากษา #823,th
Gapo #854,fil
광장 #593,ko
坊っちゃん #467,ja
To Destroy You Is No Loss #448,km
Merpati Putih Terbang Lagi #692,ms
난장이가 쏘아올린 작은 공 #252,ko
Padre Faura Witness the Execution of Rizal #1236,fil
Gadis Jolobu #420,ms
광장 #153,ko
서울 1964년 겨울 #675,ko
Voices from S-21 #554,km
山月記 #799,ja
水浒传 - Part 8,zh
Little Princes #1158,km
คนละฟากฟ้า (2012),th
채식주의자 #341,ko
Smaller and Smaller Circles #789,fil
家 #1077,zh
Lucky Child #791,km
Cantik Itu Luka #411,id
伊豆の踊子 #1030,ja
水浒传 #188,zh
ลูกอีสาน #1084,th
Mat Jenin #934,ms
한강 #384,ko
한강 #1064,ko
伊豆の踊子 #1090,ja
Siti Nurbaya #985,ms
こころ #886,ja
山月記 #1159,ja
A Cambodian Prison Portrait #255,km
พระอภัยมณี #967,th
삼대 #1171,ko
三体 #121,zh
Children of Cambodia's Killing Fields - Part 9,km
白鹿原 #385,zh
Lucky Child #191,km
Jejak Langkah - Part 3,id
Layar Terkembang,id
Bumi Manusia #881,id
광장 #333,ko
Penawar Bagi Hati #518,ms
こころ #1006,ja
Gadis Jolobu #500,ms
Lelaki Harimau #612,id
Sa Mga Kuko ng Liwanag #113,fil
羊をめぐる冒険 #1125,ja
Salina #366,ms
Perburuan #1185,id
ตำนานสมเด็จพระนารายณ์ #175,th
ABNKKBSNPLAko?! #292,fil
Sejarah Melayu #482,ms
西游记 - Part 7,zh
Luha ng Buwaya #1205,fil
白鹿原 #225,zh
山月記 - Part 9,ja
子夜 #636,zh
살인자의 기억법 #1137,ko
Florante at Laura #123,fil
Interlok: Volume 2,ms
Penawar Bagi Hati: Volume 3,ms
Mga Kuwento ni Lola Basyang #871,fil
무진기행 #954,ko
Florante at Laura #1163,fil
ชาติหน้าขอให้พบกัน #91,th
平凡的世界 #1184,zh
ノルウェイの森 #1101,ja
Footnote to Youth #1138,fil
羊をめぐる冒険 #705,ja
